¹øÈ£,°³¹æ¼­ºñ½º¸í,ÀÎÇã°¡ÀÏÀÚ,ÀÎÇã°¡Ãë¼ÒÀÏÀÚ,¿µ¾÷»óÅÂ¸í,»ó¼¼¿µ¾÷»óÅÂ¸í,¼ÒÀçÁö¿ìÆí¹øÈ£,µµ·Î¸í¿ìÆí¹øÈ£,½Ã¼³¸éÀû
1,°ü±¤Ææ¼Ç¾÷,2005-08-29,,ÈÞ¾÷,ÈÞ¾÷,219-832,,
2,°ü±¤Ææ¼Ç¾÷,2007-01-09,,ÈÞ¾÷,ÈÞ¾÷,219-832,24766,
3,°ü±¤Ææ¼Ç¾÷,2008-11-19,,ÈÞ¾÷,ÈÞ¾÷,219-832,24766,721.35
4,°ü±¤Ææ¼Ç¾÷,2015-02-11,,ÈÞ¾÷,ÈÞ¾÷,219-823,24752,
5,°ü±¤Ææ¼Ç¾÷,2009-07-07,,ÈÞ¾÷,ÈÞ¾÷,390-832,390-832,147.24
6,°ü±¤Ææ¼Ç¾÷,2014-11-19,,Æó¾÷,Æó¾÷,780-430,38126,125.86
7,°ü±¤Ææ¼Ç¾÷,2014-11-19,,Æó¾÷,Æó¾÷,780-460,38200,217.44
8,°ü±¤Ææ¼Ç¾÷,2017-09-05,,Æó¾÷,Æó¾÷,,38126,
9,°ü±¤Ææ¼Ç¾÷,2017-09-05,,Æó¾÷,Æó¾÷,,38126,
10,°ü±¤Ææ¼Ç¾÷,2015-07-01,,Æó¾÷,Æó¾÷,355-944,33488,379.17
11,°ü±¤Ææ¼Ç¾÷,2016-06-29,,Æó¾÷,Æó¾÷,,33488,
12,°ü±¤Ææ¼Ç¾÷,2017-08-07,,Æó¾÷,Æó¾÷,,33488,133.2
13,°ü±¤Ææ¼Ç¾÷,2012-11-01,,Æó¾÷,Æó¾÷,340-924,,
14,°ü±¤Ææ¼Ç¾÷,2007-10-11,,Æó¾÷,Æó¾÷,357-971,,640.19
15,°ü±¤Ææ¼Ç¾÷,2007-02-27,,Æó¾÷,Æó¾÷,357-952,,
16,°ü±¤Ææ¼Ç¾÷,2011-08-12,,Æó¾÷,Æó¾÷,350-861,32206,247.92
17,°ü±¤Ææ¼Ç¾÷,2008-12-23,,Æó¾÷,Æó¾÷,,32111,709.78
18,°ü±¤Ææ¼Ç¾÷,2008-09-17,,Æó¾÷,Æó¾÷,,32152,569.82
19,°ü±¤Ææ¼Ç¾÷,2009-01-16,,Æó¾÷,Æó¾÷,,32158,
20,°ü±¤Ææ¼Ç¾÷,2009-05-14,,Æó¾÷,Æó¾÷,,32157,394.08
21,°ü±¤Ææ¼Ç¾÷,2009-01-16,,Æó¾÷,Æó¾÷,,32158,755.82
22,°ü±¤Ææ¼Ç¾÷,2010-06-08,,Æó¾÷,Æó¾÷,357-952,,360.09
23,°ü±¤Ææ¼Ç¾÷,2007-02-27,,Æó¾÷,Æó¾÷,357-952,357-952,
24,°ü±¤Ææ¼Ç¾÷,2017-08-28,,Æó¾÷,Æó¾÷,,32155,884.88
25,°ü±¤Ææ¼Ç¾÷,2018-05-27,,Æó¾÷,Æó¾÷,,32172,281.62
26,°ü±¤Ææ¼Ç¾÷,2012-06-12,,Æó¾÷,Æó¾÷,,32154,
27,°ü±¤Ææ¼Ç¾÷,2010-09-01,,Æó¾÷,Æó¾÷,357-952,,790.78
28,°ü±¤Ææ¼Ç¾÷,2010-10-15,,Æó¾÷,Æó¾÷,357-953,,149.04
29,°ü±¤Ææ¼Ç¾÷,2011-09-07,,Æó¾÷,Æó¾÷,,32157,813.39
30,°ü±¤Ææ¼Ç¾÷,2018-12-27,,Æó¾÷,Æó¾÷,,23014,
31,°ü±¤Ææ¼Ç¾÷,2019-01-25,,Æó¾÷,Æó¾÷,,53332,224.01
32,°ü±¤Ææ¼Ç¾÷,2004-10-27,,Æó¾÷,Æó¾÷,,38125,370.86
33,°ü±¤Ææ¼Ç¾÷,2010-12-09,,Æó¾÷,Æó¾÷,,38175,
34,°ü±¤Ææ¼Ç¾÷,2010-12-28,,Æó¾÷,Æó¾÷,,38126,144.22
35,°ü±¤Ææ¼Ç¾÷,2011-01-18,,Æó¾÷,Æó¾÷,780-852,,
36,°ü±¤Ææ¼Ç¾÷,2011-03-08,,Æó¾÷,Æó¾÷,,38128,
37,°ü±¤Ææ¼Ç¾÷,2011-04-20,,Æó¾÷,Æó¾÷,,38210,
38,°ü±¤Ææ¼Ç¾÷,2011-06-09,,Æó¾÷,Æó¾÷,780-270,,
39,°ü±¤Ææ¼Ç¾÷,2011-08-31,,Æó¾÷,Æó¾÷,780-843,,
40,°ü±¤Ææ¼Ç¾÷,2006-10-17,,Æó¾÷,Æó¾÷,,38126,
41,°ü±¤Ææ¼Ç¾÷,2009-06-17,,Æó¾÷,Æó¾÷,,38198,
42,°ü±¤Ææ¼Ç¾÷,2010-02-23,,Æó¾÷,Æó¾÷,,38126,
43,°ü±¤Ææ¼Ç¾÷,2010-02-23,,Æó¾÷,Æó¾÷,,38126,
44,°ü±¤Ææ¼Ç¾÷,2010-02-23,,Æó¾÷,Æó¾÷,,38126,
45,°ü±¤Ææ¼Ç¾÷,2010-06-07,,Æó¾÷,Æó¾÷,,38115,
46,°ü±¤Ææ¼Ç¾÷,2010-06-07,,Æó¾÷,Æó¾÷,,38126,
47,°ü±¤Ææ¼Ç¾÷,2010-06-07,,Æó¾÷,Æó¾÷,,38127,
48,°ü±¤Ææ¼Ç¾÷,2010-06-07,,Æó¾÷,Æó¾÷,,38126,
49,°ü±¤Ææ¼Ç¾÷,2010-06-07,,Æó¾÷,Æó¾÷,780-270,780-270,
50,°ü±¤Ææ¼Ç¾÷,2010-08-10,,Æó¾÷,Æó¾÷,,38126,
51,°ü±¤Ææ¼Ç¾÷,2010-10-09,,Æó¾÷,Æó¾÷,,38118,
52,°ü±¤Ææ¼Ç¾÷,2010-10-09,,Æó¾÷,Æó¾÷,,38118,
53,°ü±¤Ææ¼Ç¾÷,2010-10-09,,Æó¾÷,Æó¾÷,,38118,
54,°ü±¤Ææ¼Ç¾÷,2011-11-24,,Æó¾÷,Æó¾÷,780-420,780-420,
55,°ü±¤Ææ¼Ç¾÷,2012-01-09,,Æó¾÷,Æó¾÷,780-410,780-410,
56,°ü±¤Ææ¼Ç¾÷,2010-10-29,,Æó¾÷,Æó¾÷,,38126,
57,°ü±¤Ææ¼Ç¾÷,2010-11-08,,Æó¾÷,Æó¾÷,780-844,,
58,°ü±¤Ææ¼Ç¾÷,2012-10-11,,Æó¾÷,Æó¾÷,780-410,38126,
59,°ü±¤Ææ¼Ç¾÷,2012-10-25,,Æó¾÷,Æó¾÷,780-430,38126,
60,°ü±¤Ææ¼Ç¾÷,2012-11-06,,Æó¾÷,Æó¾÷,780-843,38220,
61,°ü±¤Ææ¼Ç¾÷,2013-10-08,,Æó¾÷,Æó¾÷,780-430,38126,229.82
62,°ü±¤Ææ¼Ç¾÷,2013-11-14,,Æó¾÷,Æó¾÷,780-430,38126,218.6
63,°ü±¤Ææ¼Ç¾÷,2014-06-18,,Æó¾÷,Æó¾÷,780-400,38127,85.08
64,°ü±¤Ææ¼Ç¾÷,2014-06-18,,Æó¾÷,Æó¾÷,780-430,780-430,104.82
65,°ü±¤Ææ¼Ç¾÷,2014-07-16,,Æó¾÷,Æó¾÷,780-430,38126,131.75
66,°ü±¤Ææ¼Ç¾÷,2014-03-07,,Æó¾÷,Æó¾÷,799-803,799-803,245.79
67,°ü±¤Ææ¼Ç¾÷,2011-06-13,,Æó¾÷,Æó¾÷,769-972,,
68,°ü±¤Ææ¼Ç¾÷,2014-03-21,,Æó¾÷,Æó¾÷,763-833,37437,228.68
69,°ü±¤Ææ¼Ç¾÷,2014-07-21,,Æó¾÷,Æó¾÷,409-892,409-892,303
70,°ü±¤Ææ¼Ç¾÷,2004-04-03,,Æó¾÷,Æó¾÷,355-943,33490,968.88
71,°ü±¤Ææ¼Ç¾÷,2010-05-18,,Æó¾÷,Æó¾÷,355-944,33489,310.72
72,°ü±¤Ææ¼Ç¾÷,2010-08-18,,Æó¾÷,Æó¾÷,355-943,33489,336.99
73,°ü±¤Ææ¼Ç¾÷,2011-03-14,,Æó¾÷,Æó¾÷,355-943,33489,436.32
74,°ü±¤Ææ¼Ç¾÷,2011-07-06,,Æó¾÷,Æó¾÷,355-943,33489,397.99
75,°ü±¤Ææ¼Ç¾÷,2012-02-10,,Æó¾÷,Æó¾÷,355-943,355-943,280.65
76,°ü±¤Ææ¼Ç¾÷,2012-11-12,,Æó¾÷,Æó¾÷,355-943,33489,206.52
77,°ü±¤Ææ¼Ç¾÷,2012-11-27,,Æó¾÷,Æó¾÷,355-943,355-943,295.26
78,°ü±¤Ææ¼Ç¾÷,2012-12-20,,Æó¾÷,Æó¾÷,355-943,33489,440.85
79,°ü±¤Ææ¼Ç¾÷,2012-05-31,,Æó¾÷,Æó¾÷,320-881,,
80,°ü±¤Ææ¼Ç¾÷,2017-06-07,,Æó¾÷,Æó¾÷,,33028,490.45
81,°ü±¤Ææ¼Ç¾÷,2013-05-28,,Æó¾÷,Æó¾÷,355-943,355-943,314.17
82,°ü±¤Ææ¼Ç¾÷,2013-07-01,,Æó¾÷,Æó¾÷,355-943,33488,380.04
83,°ü±¤Ææ¼Ç¾÷,2013-07-05,,Æó¾÷,Æó¾÷,355-943,33488,378.84
84,°ü±¤Ææ¼Ç¾÷,2007-08-09,,Æó¾÷,Æó¾÷,469-832,,225.89
85,°ü±¤Ææ¼Ç¾÷,2019-04-29,,Æó¾÷,Æó¾÷,,33344,0
86,°ü±¤Ææ¼Ç¾÷,2010-08-31,,Æó¾÷,Æó¾÷,619-951,46028,143.26
87,°ü±¤Ææ¼Ç¾÷,2010-12-09,,Æó¾÷,Æó¾÷,585-805,585-805,
88,°ü±¤Ææ¼Ç¾÷,2017-12-20,,Æó¾÷,Æó¾÷,,56212,392.24
89,°ü±¤Ææ¼Ç¾÷,2009-06-16,,Æó¾÷,Æó¾÷,579-893,56345,
90,°ü±¤Ææ¼Ç¾÷,2012-11-27,,Æó¾÷,Æó¾÷,568-811,55555,495
91,°ü±¤Ææ¼Ç¾÷,2012-11-09,,Æó¾÷,Æó¾÷,579-853,579-853,229.41
92,°ü±¤Ææ¼Ç¾÷,2014-12-08,,Æó¾÷,Æó¾÷,568-811,55555,22537
93,°ü±¤Ææ¼Ç¾÷,2010-08-04,,Æó¾÷,Æó¾÷,568-814,,173.98
94,°ü±¤Ææ¼Ç¾÷,2010-08-05,,Æó¾÷,Æó¾÷,568-814,,267.82
95,°ü±¤Ææ¼Ç¾÷,2010-08-10,,Æó¾÷,Æó¾÷,568-823,,155.39
96,°ü±¤Ææ¼Ç¾÷,2011-04-22,,Æó¾÷,Æó¾÷,568-811,,490.8
97,°ü±¤Ææ¼Ç¾÷,2017-11-30,,Æó¾÷,Æó¾÷,,55557,904.46
98,°ü±¤Ææ¼Ç¾÷,2016-03-14,,Æó¾÷,Æó¾÷,,10809,
99,°ü±¤Ææ¼Ç¾÷,2005-04-28,,Æó¾÷,Æó¾÷,476-851,,214.53
100,°ü±¤Ææ¼Ç¾÷,2012-12-12,,Æó¾÷,Æó¾÷,476-851,12528,682.09
101,°ü±¤Ææ¼Ç¾÷,2005-06-17,,Æó¾÷,Æó¾÷,476-801,,198.87
102,°ü±¤Ææ¼Ç¾÷,2011-02-21,,Æó¾÷,Æó¾÷,476-921,,263.74
103,°ü±¤Ææ¼Ç¾÷,2004-07-21,,Æó¾÷,Æó¾÷,225-834,25261,343.02
104,°ü±¤Ææ¼Ç¾÷,2006-09-18,,Æó¾÷,Æó¾÷,225-862,,65.09
105,°ü±¤Ææ¼Ç¾÷,2015-01-07,,Æó¾÷,Æó¾÷,520-160,58243,66.45
106,°ü±¤Ææ¼Ç¾÷,2014-10-23,,Æó¾÷,Æó¾÷,539-835,58936,
107,°ü±¤Ææ¼Ç¾÷,2012-12-24,,Æó¾÷,Æó¾÷,,57623,
108,°ü±¤Ææ¼Ç¾÷,2010-09-15,,Æó¾÷,Æó¾÷,525-852,525-852,507.68
109,°ü±¤Ææ¼Ç¾÷,2012-12-05,,Æó¾÷,Æó¾÷,525-871,57115,774.7
110,°ü±¤Ææ¼Ç¾÷,2017-11-07,,Æó¾÷,Æó¾÷,,57115,168.95
111,°ü±¤Ææ¼Ç¾÷,2011-06-09,,Æó¾÷,Æó¾÷,517-812,57352,8380
112,°ü±¤Ææ¼Ç¾÷,2011-11-01,,Æó¾÷,Æó¾÷,517-812,57352,
113,°ü±¤Ææ¼Ç¾÷,2016-02-04,,Æó¾÷,Æó¾÷,,59054,303
114,°ü±¤Ææ¼Ç¾÷,2006-06-09,,Æó¾÷,Æó¾÷,656-891,,
115,°ü±¤Ææ¼Ç¾÷,2019-10-08,,Æó¾÷,Æó¾÷,,33488,378.96
116,°ü±¤Ææ¼Ç¾÷,2004-12-27,,Æó¾÷,Æó¾÷,650-834,,434.25
117,°ü±¤Ææ¼Ç¾÷,2010-07-09,,Æó¾÷,Æó¾÷,650-943,,
118,°ü±¤Ææ¼Ç¾÷,2010-07-14,,Æó¾÷,Æó¾÷,650-831,,
119,°ü±¤Ææ¼Ç¾÷,2010-08-09,,Æó¾÷,Æó¾÷,650-831,,
120,°ü±¤Ææ¼Ç¾÷,2010-10-29,,Æó¾÷,Æó¾÷,650-943,,
121,°ü±¤Ææ¼Ç¾÷,2010-10-29,,Æó¾÷,Æó¾÷,650-943,,
122,°ü±¤Ææ¼Ç¾÷,2010-10-29,,Æó¾÷,Æó¾÷,650-943,,
123,°ü±¤Ææ¼Ç¾÷,2011-06-14,,Æó¾÷,Æó¾÷,650-915,,
124,°ü±¤Ææ¼Ç¾÷,2011-08-11,,Æó¾÷,Æó¾÷,650-831,,
125,°ü±¤Ææ¼Ç¾÷,2012-06-19,,Æó¾÷,Æó¾÷,650-100,53063,
126,°ü±¤Ææ¼Ç¾÷,2012-06-19,,Æó¾÷,Æó¾÷,650-170,650-170,
127,°ü±¤Ææ¼Ç¾÷,2010-08-03,,Æó¾÷,Æó¾÷,200-911,,575.09
128,°ü±¤Ææ¼Ç¾÷,2014-10-20,,Æó¾÷,Æó¾÷,200-914,24464,571.3
129,°ü±¤Ææ¼Ç¾÷,2014-12-15,,Æó¾÷,Æó¾÷,689-883,45015,578
130,°ü±¤Ææ¼Ç¾÷,2017-08-31,,Æó¾÷,Æó¾÷,,59448,98.01
131,°ü±¤Ææ¼Ç¾÷,2018-02-05,,Æó¾÷,Æó¾÷,,59448,136.57
132,°ü±¤Ææ¼Ç¾÷,2018-05-17,,Æó¾÷,Æó¾÷,,59419,88.5
133,°ü±¤Ææ¼Ç¾÷,2010-09-07,,Æó¾÷,Æó¾÷,534-813,,463
134,°ü±¤Ææ¼Ç¾÷,2005-04-14,,Æó¾÷,Æó¾÷,534-851,534-851,1316.64
135,°ü±¤Ææ¼Ç¾÷,2009-09-17,,Æó¾÷,Æó¾÷,513-861,57067,169.43
136,°ü±¤Ææ¼Ç¾÷,2017-12-08,,Æó¾÷,Æó¾÷,,18553,195.6
137,°ü±¤Ææ¼Ç¾÷,2020-03-06,,Æó¾÷,Æó¾÷,,24464,198
138,°ü±¤Ææ¼Ç¾÷,2020-03-05,,Æó¾÷,Æó¾÷,,26304,171.66
139,°ü±¤Ææ¼Ç¾÷,2010-07-08,,Æó¾÷,Æó¾÷,656-831,,221.68
140,°ü±¤Ææ¼Ç¾÷,2013-02-26,,Æó¾÷,Æó¾÷,656-843,53333,196.92
141,°ü±¤Ææ¼Ç¾÷,2013-07-19,,Æó¾÷,Æó¾÷,656-832,656-832,228.29
142,°ü±¤Ææ¼Ç¾÷,2017-04-10,,Æó¾÷,Æó¾÷,,53205,
143,°ü±¤Ææ¼Ç¾÷,2013-07-19,,Æó¾÷,Æó¾÷,656-832,656-832,228.29
144,°ü±¤Ææ¼Ç¾÷,2013-07-19,,Æó¾÷,Æó¾÷,656-832,656-832,228.29
145,°ü±¤Ææ¼Ç¾÷,2013-07-19,,Æó¾÷,Æó¾÷,656-832,656-832,228.47
146,°ü±¤Ææ¼Ç¾÷,2013-07-19,,Æó¾÷,Æó¾÷,656-832,656-832,228.47
147,°ü±¤Ææ¼Ç¾÷,2014-06-17,,Æó¾÷,Æó¾÷,656-852,656-852,385.3
148,°ü±¤Ææ¼Ç¾÷,2015-06-15,,Æó¾÷,Æó¾÷,656-891,53329,188.8
149,°ü±¤Ææ¼Ç¾÷,2017-02-20,,Æó¾÷,Æó¾÷,,53205,
150,°ü±¤Ææ¼Ç¾÷,2017-02-20,,Æó¾÷,Æó¾÷,,53205,
151,°ü±¤Ææ¼Ç¾÷,2004-06-21,,Æó¾÷,Æó¾÷,,,717.84
152,°ü±¤Ææ¼Ç¾÷,2004-09-24,,Æó¾÷,Æó¾÷,233-809,,317.35
153,°ü±¤Ææ¼Ç¾÷,2008-05-08,,Æó¾÷,Æó¾÷,233-802,233-802,299.69
154,°ü±¤Ææ¼Ç¾÷,2017-02-14,,Æó¾÷,Æó¾÷,,26146,
155,°ü±¤Ææ¼Ç¾÷,2017-02-17,,Æó¾÷,Æó¾÷,,26146,
156,°ü±¤Ææ¼Ç¾÷,2018-05-08,,Æó¾÷,Æó¾÷,,25938,416.94
157,°ü±¤Ææ¼Ç¾÷,2004-08-03,,Æó¾÷,Æó¾÷,250-803,,267.89
158,°ü±¤Ææ¼Ç¾÷,2004-04-30,,Æó¾÷,Æó¾÷,250-852,,
159,°ü±¤Ææ¼Ç¾÷,2007-06-27,,Æó¾÷,Æó¾÷,250-882,25111,
160,°ü±¤Ææ¼Ç¾÷,2010-03-25,,Æó¾÷,Æó¾÷,250-833,,
161,°ü±¤Ææ¼Ç¾÷,2012-06-27,,Æó¾÷,Æó¾÷,250-861,25161,191.5
162,°ü±¤Ææ¼Ç¾÷,2006-04-17,,Æó¾÷,Æó¾÷,215-823,,752.76
163,°ü±¤Ææ¼Ç¾÷,2006-04-17,,Æó¾÷,Æó¾÷,215-823,,804.18
164,°ü±¤Ææ¼Ç¾÷,2010-09-07,,Æó¾÷,Æó¾÷,215-815,25038,
165,°ü±¤Ææ¼Ç¾÷,2011-08-22,,Æó¾÷,Æó¾÷,215-815,,
166,°ü±¤Ææ¼Ç¾÷,2020-05-15,,Æó¾÷,Æó¾÷,,53330,
167,°ü±¤Ææ¼Ç¾÷,2010-10-27,,Æó¾÷,Æó¾÷,668-821,,956.96
168,°ü±¤Ææ¼Ç¾÷,2017-07-13,,Æó¾÷,Æó¾÷,,53202,
169,°ü±¤Ææ¼Ç¾÷,2018-04-30,,Æó¾÷,Æó¾÷,,53329,213.87
170,°ü±¤Ææ¼Ç¾÷,2014-01-03,,Æó¾÷,Æó¾÷,650-913,650-913,229.48
171,°ü±¤Ææ¼Ç¾÷,2014-09-01,,Æó¾÷,Æó¾÷,650-943,53086,
172,°ü±¤Ææ¼Ç¾÷,2014-11-06,,Æó¾÷,Æó¾÷,650-836,53017,
173,°ü±¤Ææ¼Ç¾÷,2014-12-04,,Æó¾÷,Æó¾÷,650-837,53023,
174,°ü±¤Ææ¼Ç¾÷,2015-05-26,,Æó¾÷,Æó¾÷,650-942,53087,
175,°ü±¤Ææ¼Ç¾÷,2016-05-04,,Æó¾÷,Æó¾÷,,53085,
176,°ü±¤Ææ¼Ç¾÷,2018-03-20,,Æó¾÷,Æó¾÷,,53100,107.52
177,°ü±¤Ææ¼Ç¾÷,2010-11-22,,Æó¾÷,Æó¾÷,232-923,,197.21
178,°ü±¤Ææ¼Ç¾÷,2012-11-16,,Æó¾÷,Æó¾÷,232-922,25309,156.64
179,°ü±¤Ææ¼Ç¾÷,2014-06-03,,Æó¾÷,Æó¾÷,232-944,25337,115.05
180,°ü±¤Ææ¼Ç¾÷,2004-04-28,,Æó¾÷,Æó¾÷,232-811,,990
181,°ü±¤Ææ¼Ç¾÷,2005-05-23,,Æó¾÷,Æó¾÷,232-922,,454
182,°ü±¤Ææ¼Ç¾÷,2007-12-28,,Æó¾÷,Æó¾÷,232-811,,990
183,°ü±¤Ææ¼Ç¾÷,2008-05-13,,Æó¾÷,Æó¾÷,232-943,,225.47
184,°ü±¤Ææ¼Ç¾÷,2013-10-14,,Æó¾÷,Æó¾÷,250-856,25101,652
185,°ü±¤Ææ¼Ç¾÷,2017-11-22,,Æó¾÷,Æó¾÷,,25103,
186,°ü±¤Ææ¼Ç¾÷,2013-10-30,,Æó¾÷,Æó¾÷,250-856,25101,153.06
187,°ü±¤Ææ¼Ç¾÷,2015-02-03,,Æó¾÷,Æó¾÷,250-871,250-871,252.57
188,°ü±¤Ææ¼Ç¾÷,2015-04-27,,Æó¾÷,Æó¾÷,250-881,25116,161.09
189,°ü±¤Ææ¼Ç¾÷,2016-02-24,,Æó¾÷,Æó¾÷,,25116,336.14
190,°ü±¤Ææ¼Ç¾÷,2016-02-24,,Æó¾÷,Æó¾÷,,25116,310.64
191,°ü±¤Ææ¼Ç¾÷,2011-10-10,,Æó¾÷,Æó¾÷,255-804,,160.72
192,°ü±¤Ææ¼Ç¾÷,2003-12-18,,Æó¾÷,Æó¾÷,210-370,,195.4
193,°ü±¤Ææ¼Ç¾÷,2004-08-02,,Æó¾÷,Æó¾÷,210-851,,
194,°ü±¤Ææ¼Ç¾÷,2009-06-11,,Æó¾÷,Æó¾÷,,,5866.13
195,°ü±¤Ææ¼Ç¾÷,2012-03-29,,Æó¾÷,Æó¾÷,210-863,210-863,
196,°ü±¤Ææ¼Ç¾÷,2011-01-12,,Æó¾÷,Æó¾÷,235-802,235-019,213.39
197,°ü±¤Ææ¼Ç¾÷,2012-07-17,,Æó¾÷,Æó¾÷,219-833,24764,
198,°ü±¤Ææ¼Ç¾÷,2021-09-17,,Æó¾÷,Æó¾÷,,32160,232.8
199,°ü±¤Ææ¼Ç¾÷,2021-04-26,,Æó¾÷,Æó¾÷,,32160,363.67
200,°ü±¤Ææ¼Ç¾÷,2010-11-18,,Æó¾÷,Æó¾÷,666-803,,95.28
201,°ü±¤Ææ¼Ç¾÷,2010-11-18,,Æó¾÷,Æó¾÷,666-803,,95.28
202,°ü±¤Ææ¼Ç¾÷,2012-10-22,,Æó¾÷,Æó¾÷,666-801,666-801,
203,°ü±¤Ææ¼Ç¾÷,2012-10-23,,Æó¾÷,Æó¾÷,666-933,52236,
204,°ü±¤Ææ¼Ç¾÷,2014-06-05,,Æó¾÷,Æó¾÷,666-922,52232,
205,°ü±¤Ææ¼Ç¾÷,2010-11-18,,Æó¾÷,Æó¾÷,666-803,666-800,92.76
206,°ü±¤Ææ¼Ç¾÷,2007-11-26,,Æó¾÷,Æó¾÷,627-832,50415,147
207,°ü±¤Ææ¼Ç¾÷,2010-03-25,,Æó¾÷,Æó¾÷,627-822,50418,
208,°ü±¤Ææ¼Ç¾÷,2004-12-15,,Æó¾÷,Æó¾÷,656-892,,132.7
209,°ü±¤Ææ¼Ç¾÷,2004-12-15,,Æó¾÷,Æó¾÷,656-892,,141.02
210,°ü±¤Ææ¼Ç¾÷,2004-12-15,,Æó¾÷,Æó¾÷,656-892,,134.92
211,°ü±¤Ææ¼Ç¾÷,2007-01-22,,Æó¾÷,Æó¾÷,656-891,,
212,°ü±¤Ææ¼Ç¾÷,2008-08-06,,Æó¾÷,Æó¾÷,656-833,,1445.99
213,°ü±¤Ææ¼Ç¾÷,2009-02-25,,Æó¾÷,Æó¾÷,656-891,,273.88
214,°ü±¤Ææ¼Ç¾÷,2009-02-25,,Æó¾÷,Æó¾÷,656-891,,341.43
215,°ü±¤Ææ¼Ç¾÷,2009-03-05,,Æó¾÷,Æó¾÷,656-892,,143.82
216,°ü±¤Ææ¼Ç¾÷,2009-06-16,,Æó¾÷,Æó¾÷,656-891,656-891,410.52
217,°ü±¤Ææ¼Ç¾÷,2009-12-30,,Æó¾÷,Æó¾÷,668-854,,385.1
218,°ü±¤Ææ¼Ç¾÷,2010-01-18,,Æó¾÷,Æó¾÷,668-854,,235.91
219,°ü±¤Ææ¼Ç¾÷,2018-09-20,,Æó¾÷,Æó¾÷,,37930,
220,°ü±¤Ææ¼Ç¾÷,2018-09-20,,Æó¾÷,Æó¾÷,,37930,
221,°ü±¤Ææ¼Ç¾÷,2021-03-08,,Æó¾÷,Æó¾÷,,12428,
222,°ü±¤Ææ¼Ç¾÷,2017-12-06,,Æó¾÷,Æó¾÷,,30056,
223,°ü±¤Ææ¼Ç¾÷,2012-04-18,,Æó¾÷,Æó¾÷,472-851,12028,160.67
224,°ü±¤Ææ¼Ç¾÷,2009-05-06,,Æó¾÷,Æó¾÷,477-842,12406,148.25
225,°ü±¤Ææ¼Ç¾÷,2009-05-06,,Æó¾÷,Æó¾÷,477-842,12406,149.42
226,°ü±¤Ææ¼Ç¾÷,2010-03-11,,Æó¾÷,Æó¾÷,477-803,477-803,396.85
227,°ü±¤Ææ¼Ç¾÷,2010-11-19,,Æó¾÷,Æó¾÷,477-842,12406,669.61
228,°ü±¤Ææ¼Ç¾÷,2012-09-28,,Æó¾÷,Æó¾÷,477-812,12457,396.72
229,°ü±¤Ææ¼Ç¾÷,2012-12-10,,Æó¾÷,Æó¾÷,477-833,477-833,428.45
230,°ü±¤Ææ¼Ç¾÷,2014-02-04,,Æó¾÷,Æó¾÷,477-812,12457,271.07
231,°ü±¤Ææ¼Ç¾÷,2014-06-16,,Æó¾÷,Æó¾÷,477-812,12457,364
232,°ü±¤Ææ¼Ç¾÷,2018-07-23,,Æó¾÷,Æó¾÷,,12456,152.78
233,°ü±¤Ææ¼Ç¾÷,2017-05-22,,Æó¾÷,Æó¾÷,,12808,156.4
234,°ü±¤Ææ¼Ç¾÷,2009-07-07,,Æó¾÷,Æó¾÷,390-832,390-824,144.27
235,°ü±¤Ææ¼Ç¾÷,2009-07-07,,Æó¾÷,Æó¾÷,390-832,27215,117.06
236,°ü±¤Ææ¼Ç¾÷,2009-07-07,,Æó¾÷,Æó¾÷,390-832,27215,143.23
237,°ü±¤Ææ¼Ç¾÷,2009-07-07,,Æó¾÷,Æó¾÷,390-832,27215,154.2
238,°ü±¤Ææ¼Ç¾÷,2009-07-07,,Æó¾÷,Æó¾÷,390-832,27215,134.35
239,°ü±¤Ææ¼Ç¾÷,2009-07-09,,Æó¾÷,Æó¾÷,390-832,,
240,°ü±¤Ææ¼Ç¾÷,2009-07-09,,Æó¾÷,Æó¾÷,390-832,,
241,°ü±¤Ææ¼Ç¾÷,2009-07-09,,Æó¾÷,Æó¾÷,390-832,,
242,°ü±¤Ææ¼Ç¾÷,2009-07-09,,Æó¾÷,Æó¾÷,390-832,,
243,°ü±¤Ææ¼Ç¾÷,2009-07-09,,Æó¾÷,Æó¾÷,390-832,,
244,°ü±¤Ææ¼Ç¾÷,2009-07-09,,Æó¾÷,Æó¾÷,390-832,,
245,°ü±¤Ææ¼Ç¾÷,2003-12-03,,Æó¾÷,Æó¾÷,395-821,395-820,153.76
246,°ü±¤Ææ¼Ç¾÷,2004-10-19,,Æó¾÷,Æó¾÷,395-821,395-820,204.42
247,°ü±¤Ææ¼Ç¾÷,2004-06-25,,Æó¾÷,Æó¾÷,395-821,395-820,
248,°ü±¤Ææ¼Ç¾÷,2005-04-15,,Æó¾÷,Æó¾÷,395-801,27024,199.88
249,°ü±¤Ææ¼Ç¾÷,2003-12-03,,Æó¾÷,Æó¾÷,390-831,,
250,°ü±¤Ææ¼Ç¾÷,2009-08-06,,Æó¾÷,Æó¾÷,417-861,417-861,201.95
251,°ü±¤Ææ¼Ç¾÷,2018-10-10,,Æó¾÷,Æó¾÷,,23021,
252,°ü±¤Ææ¼Ç¾÷,2005-10-31,,¿µ¾÷/Á¤»ó,¿µ¾÷Áß,745-862,36923,135.1
253,°ü±¤Ææ¼Ç¾÷,2003-12-29,,¿µ¾÷/Á¤»ó,¿µ¾÷Áß,745-803,745-803,231.86
254,°ü±¤Ææ¼Ç¾÷,2008-05-22,,¿µ¾÷/Á¤»ó,¿µ¾÷Áß,745-801,,3206
255,°ü±¤Ææ¼Ç¾÷,2015-06-26,,¿µ¾÷/Á¤»ó,¿µ¾÷Áß,780-410,38126,
256,°ü±¤Ææ¼Ç¾÷,2009-08-21,,¿µ¾÷/Á¤»ó,¿µ¾÷Áß,745-803,36912,118.3
257,°ü±¤Ææ¼Ç¾÷,2010-02-19,,¿µ¾÷/Á¤»ó,¿µ¾÷Áß,745-903,36993,131
258,°ü±¤Ææ¼Ç¾÷,2013-04-23,,¿µ¾÷/Á¤»ó,¿µ¾÷Áß,745-801,36919,63
259,°ü±¤Ææ¼Ç¾÷,2016-06-09,,¿µ¾÷/Á¤»ó,¿µ¾÷Áß,,36919,490.95
260,°ü±¤Ææ¼Ç¾÷,2015-06-19,,¿µ¾÷/Á¤»ó,¿µ¾÷Áß,355-884,33501,128.48
261,°ü±¤Ææ¼Ç¾÷,2015-06-19,,¿µ¾÷/Á¤»ó,¿µ¾÷Áß,355-884,33501,116.73
262,°ü±¤Ææ¼Ç¾÷,2015-06-19,,¿µ¾÷/Á¤»ó,¿µ¾÷Áß,355-884,33501,116.73
263,°ü±¤Ææ¼Ç¾÷,2015-06-25,,¿µ¾÷/Á¤»ó,¿µ¾÷Áß,355-943,33489,386.4
264,°ü±¤Ææ¼Ç¾÷,2016-08-19,,¿µ¾÷/Á¤»ó,¿µ¾÷Áß,,33488,218
265,°ü±¤Ææ¼Ç¾÷,2018-06-07,,¿µ¾÷/Á¤»ó,¿µ¾÷Áß,,33488,390.96
266,°ü±¤Ææ¼Ç¾÷,2018-07-24,,¿µ¾÷/Á¤»ó,¿µ¾÷Áß,,33489,498.29
267,°ü±¤Ææ¼Ç¾÷,2015-06-18,,¿µ¾÷/Á¤»ó,¿µ¾÷Áß,355-884,33501,385.4
268,°ü±¤Ææ¼Ç¾÷,2006-11-14,,¿µ¾÷/Á¤»ó,¿µ¾÷Áß,,32155,
269,°ü±¤Ææ¼Ç¾÷,2008-06-12,,¿µ¾÷/Á¤»ó,¿µ¾÷Áß,,32157,425.46
270,°ü±¤Ææ¼Ç¾÷,2008-12-04,,¿µ¾÷/Á¤»ó,¿µ¾÷Áß,,32155,658.14
271,°ü±¤Ææ¼Ç¾÷,2008-06-12,,¿µ¾÷/Á¤»ó,¿µ¾÷Áß,,32155,790.78
272,°ü±¤Ææ¼Ç¾÷,2008-06-12,,¿µ¾÷/Á¤»ó,¿µ¾÷Áß,,32163,93.92
273,°ü±¤Ææ¼Ç¾÷,2009-05-29,,¿µ¾÷/Á¤»ó,¿µ¾÷Áß,,32153,287.82
274,°ü±¤Ææ¼Ç¾÷,2010-05-11,,¿µ¾÷/Á¤»ó,¿µ¾÷Áß,357-952,,334.99
275,°ü±¤Ææ¼Ç¾÷,2010-07-27,,¿µ¾÷/Á¤»ó,¿µ¾÷Áß,357-942,32130,614.88
276,°ü±¤Ææ¼Ç¾÷,2010-08-05,,¿µ¾÷/Á¤»ó,¿µ¾÷Áß,357-953,,559.29
277,°ü±¤Ææ¼Ç¾÷,2006-06-12,,¿µ¾÷/Á¤»ó,¿µ¾÷Áß,,32155,
278,°ü±¤Ææ¼Ç¾÷,2008-01-15,,¿µ¾÷/Á¤»ó,¿µ¾÷Áß,357-963,32163,297
279,°ü±¤Ææ¼Ç¾÷,2008-02-20,,¿µ¾÷/Á¤»ó,¿µ¾÷Áß,,32155,673
280,°ü±¤Ææ¼Ç¾÷,2008-05-29,,¿µ¾÷/Á¤»ó,¿µ¾÷Áß,,32170,522.84
281,°ü±¤Ææ¼Ç¾÷,2011-09-30,,¿µ¾÷/Á¤»ó,¿µ¾÷Áß,356-835,356-835,1000
282,°ü±¤Ææ¼Ç¾÷,2010-08-05,,¿µ¾÷/Á¤»ó,¿µ¾÷Áß,357-922,,789.01
283,°ü±¤Ææ¼Ç¾÷,2010-08-06,,¿µ¾÷/Á¤»ó,¿µ¾÷Áß,,32158,520.62
284,°ü±¤Ææ¼Ç¾÷,2008-05-29,,¿µ¾÷/Á¤»ó,¿µ¾÷Áß,,32170,612.74
285,°ü±¤Ææ¼Ç¾÷,2012-08-22,,¿µ¾÷/Á¤»ó,¿µ¾÷Áß,357-912,,385.54
286,°ü±¤Ææ¼Ç¾÷,2012-05-17,,¿µ¾÷/Á¤»ó,¿µ¾÷Áß,,32152,408.41
287,°ü±¤Ææ¼Ç¾÷,2014-07-08,,¿µ¾÷/Á¤»ó,¿µ¾÷Áß,357-972,32170,979
288,°ü±¤Ææ¼Ç¾÷,2010-08-17,,¿µ¾÷/Á¤»ó,¿µ¾÷Áß,357-952,,340.54
289,°ü±¤Ææ¼Ç¾÷,2010-12-02,,¿µ¾÷/Á¤»ó,¿µ¾÷Áß,357-963,,446.15
290,°ü±¤Ææ¼Ç¾÷,2010-12-06,,¿µ¾÷/Á¤»ó,¿µ¾÷Áß,357-952,,998.96
291,°ü±¤Ææ¼Ç¾÷,2011-02-22,,¿µ¾÷/Á¤»ó,¿µ¾÷Áß,357-907,,1092.64
292,°ü±¤Ææ¼Ç¾÷,2011-07-11,,¿µ¾÷/Á¤»ó,¿µ¾÷Áß,357-952,,246.97
293,°ü±¤Ææ¼Ç¾÷,2011-09-23,,¿µ¾÷/Á¤»ó,¿µ¾÷Áß,357-952,,993.09
294,°ü±¤Ææ¼Ç¾÷,2012-05-25,,¿µ¾÷/Á¤»ó,¿µ¾÷Áß,357-913,357-913,742.25
295,°ü±¤Ææ¼Ç¾÷,2022-03-24,,¿µ¾÷/Á¤»ó,¿µ¾÷Áß,,53080,84.01
296,°ü±¤Ææ¼Ç¾÷,2018-12-27,,¿µ¾÷/Á¤»ó,¿µ¾÷Áß,,58824,260.76
297,°ü±¤Ææ¼Ç¾÷,2019-01-17,,¿µ¾÷/Á¤»ó,¿µ¾÷Áß,,23060,
298,°ü±¤Ææ¼Ç¾÷,2019-01-23,,¿µ¾÷/Á¤»ó,¿µ¾÷Áß,,52317,
299,°ü±¤Ææ¼Ç¾÷,2019-02-19,,¿µ¾÷/Á¤»ó,¿µ¾÷Áß,,50584,0
300,°ü±¤Ææ¼Ç¾÷,2019-01-28,,¿µ¾÷/Á¤»ó,¿µ¾÷Áß,,37947,
301,°ü±¤Ææ¼Ç¾÷,2019-03-22,,¿µ¾÷/Á¤»ó,¿µ¾÷Áß,,53084,
302,°ü±¤Ææ¼Ç¾÷,2019-03-20,,¿µ¾÷/Á¤»ó,¿µ¾÷Áß,,26246,1726.19
303,°ü±¤Ææ¼Ç¾÷,2019-01-09,,¿µ¾÷/Á¤»ó,¿µ¾÷Áß,,58824,356.92
304,°ü±¤Ææ¼Ç¾÷,2019-02-13,,¿µ¾÷/Á¤»ó,¿µ¾÷Áß,,24666,175.82
305,°ü±¤Ææ¼Ç¾÷,2019-03-05,,¿µ¾÷/Á¤»ó,¿µ¾÷Áß,,33488,130.22
306,°ü±¤Ææ¼Ç¾÷,2019-03-25,,¿µ¾÷/Á¤»ó,¿µ¾÷Áß,,36054,229.52
307,°ü±¤Ææ¼Ç¾÷,2022-04-25,,¿µ¾÷/Á¤»ó,¿µ¾÷Áß,,36902,192.73
308,°ü±¤Ææ¼Ç¾÷,2016-06-28,,¿µ¾÷/Á¤»ó,¿µ¾÷Áß,,36404,995.18
309,°ü±¤Ææ¼Ç¾÷,2006-07-18,,¿µ¾÷/Á¤»ó,¿µ¾÷Áß,766-841,766-841,907
310,°ü±¤Ææ¼Ç¾÷,2011-09-15,,¿µ¾÷/Á¤»ó,¿µ¾÷Áß,766-823,36453,506.92
311,°ü±¤Ææ¼Ç¾÷,2012-02-27,,¿µ¾÷/Á¤»ó,¿µ¾÷Áß,766-853,766-853,1009.04
312,°ü±¤Ææ¼Ç¾÷,2014-11-17,,¿µ¾÷/Á¤»ó,¿µ¾÷Áß,766-853,36403,1226.97
313,°ü±¤Ææ¼Ç¾÷,2017-11-08,,¿µ¾÷/Á¤»ó,¿µ¾÷Áß,,36404,994.13
314,°ü±¤Ææ¼Ç¾÷,2016-11-16,,¿µ¾÷/Á¤»ó,¿µ¾÷Áß,,39309,1092
315,°ü±¤Ææ¼Ç¾÷,2007-05-10,,¿µ¾÷/Á¤»ó,¿µ¾÷Áß,742-961,37128,573.92
316,°ü±¤Ææ¼Ç¾÷,2012-09-13,,¿µ¾÷/Á¤»ó,¿µ¾÷Áß,780-170,38172,
317,°ü±¤Ææ¼Ç¾÷,2014-04-03,,¿µ¾÷/Á¤»ó,¿µ¾÷Áß,780-460,38200,225
318,°ü±¤Ææ¼Ç¾÷,2014-08-26,,¿µ¾÷/Á¤»ó,¿µ¾÷Áß,780-400,38127,453.2
319,°ü±¤Ææ¼Ç¾÷,2012-04-17,,¿µ¾÷/Á¤»ó,¿µ¾÷Áß,799-821,40211,132.78
320,°ü±¤Ææ¼Ç¾÷,2013-03-13,,¿µ¾÷/Á¤»ó,¿µ¾÷Áß,,40228,992.58
321,°ü±¤Ææ¼Ç¾÷,2013-08-09,,¿µ¾÷/Á¤»ó,¿µ¾÷Áß,,40227,77.23
322,°ü±¤Ææ¼Ç¾÷,2013-10-11,,¿µ¾÷/Á¤»ó,¿µ¾÷Áß,,40212,647.55
323,°ü±¤Ææ¼Ç¾÷,2015-07-06,,¿µ¾÷/Á¤»ó,¿µ¾÷Áß,799-803,40230,30.84
324,°ü±¤Ææ¼Ç¾÷,2015-08-13,,¿µ¾÷/Á¤»ó,¿µ¾÷Áß,,40205,531.12
325,°ü±¤Ææ¼Ç¾÷,2015-12-01,,¿µ¾÷/Á¤»ó,¿µ¾÷Áß,,40232,154.25
326,°ü±¤Ææ¼Ç¾÷,2013-09-04,,¿µ¾÷/Á¤»ó,¿µ¾÷Áß,,36347,
327,°ü±¤Ææ¼Ç¾÷,2013-09-04,,¿µ¾÷/Á¤»ó,¿µ¾÷Áß,,36347,
328,°ü±¤Ææ¼Ç¾÷,2017-05-31,,¿µ¾÷/Á¤»ó,¿µ¾÷Áß,,40232,549.26
329,°ü±¤Ææ¼Ç¾÷,2017-06-08,,¿µ¾÷/Á¤»ó,¿µ¾÷Áß,,40230,321.96
330,°ü±¤Ææ¼Ç¾÷,2018-05-17,,¿µ¾÷/Á¤»ó,¿µ¾÷Áß,,40220,322.14
331,°ü±¤Ææ¼Ç¾÷,2014-07-21,,¿µ¾÷/Á¤»ó,¿µ¾÷Áß,755-881,36264,176.84
332,°ü±¤Ææ¼Ç¾÷,2010-05-17,,¿µ¾÷/Á¤»ó,¿µ¾÷Áß,763-812,,730.05
333,°ü±¤Ææ¼Ç¾÷,2015-06-18,,¿µ¾÷/Á¤»ó,¿µ¾÷Áß,355-884,33501,128.48
334,°ü±¤Ææ¼Ç¾÷,2009-12-28,,¿µ¾÷/Á¤»ó,¿µ¾÷Áß,355-150,33489,344.52
335,°ü±¤Ææ¼Ç¾÷,2010-10-20,,¿µ¾÷/Á¤»ó,¿µ¾÷Áß,355-943,33489,317.98
336,°ü±¤Ææ¼Ç¾÷,2011-03-14,,¿µ¾÷/Á¤»ó,¿µ¾÷Áß,355-943,33489,379.76
337,°ü±¤Ææ¼Ç¾÷,2011-07-20,,¿µ¾÷/Á¤»ó,¿µ¾÷Áß,355-943,33489,393.36
338,°ü±¤Ææ¼Ç¾÷,2011-12-07,,¿µ¾÷/Á¤»ó,¿µ¾÷Áß,355-846,355-846,1155.59
339,°ü±¤Ææ¼Ç¾÷,2012-07-17,,¿µ¾÷/Á¤»ó,¿µ¾÷Áß,355-944,355-944,367.95
340,°ü±¤Ææ¼Ç¾÷,2012-07-17,,¿µ¾÷/Á¤»ó,¿µ¾÷Áß,355-944,33488,367.95
341,°ü±¤Ææ¼Ç¾÷,2015-11-11,,¿µ¾÷/Á¤»ó,¿µ¾÷Áß,,32626,
342,°ü±¤Ææ¼Ç¾÷,2015-11-11,,¿µ¾÷/Á¤»ó,¿µ¾÷Áß,,32620,
343,°ü±¤Ææ¼Ç¾÷,2012-11-21,,¿µ¾÷/Á¤»ó,¿µ¾÷Áß,355-943,33489,341.49
344,°ü±¤Ææ¼Ç¾÷,2013-05-15,,¿µ¾÷/Á¤»ó,¿µ¾÷Áß,355-943,33488,362.04
345,°ü±¤Ææ¼Ç¾÷,2017-06-07,,¿µ¾÷/Á¤»ó,¿µ¾÷Áß,,33028,980.9
346,°ü±¤Ææ¼Ç¾÷,2012-11-21,,¿µ¾÷/Á¤»ó,¿µ¾÷Áß,355-943,33489,370.98
347,°ü±¤Ææ¼Ç¾÷,2013-07-01,,¿µ¾÷/Á¤»ó,¿µ¾÷Áß,355-943,33489,317.08
348,°ü±¤Ææ¼Ç¾÷,2013-07-02,,¿µ¾÷/Á¤»ó,¿µ¾÷Áß,355-943,33488,391.08
349,°ü±¤Ææ¼Ç¾÷,2014-07-16,,¿µ¾÷/Á¤»ó,¿µ¾÷Áß,355-943,33488,
350,°ü±¤Ææ¼Ç¾÷,2014-08-13,,¿µ¾÷/Á¤»ó,¿µ¾÷Áß,355-884,33501,3100.72
351,°ü±¤Ææ¼Ç¾÷,2014-08-25,,¿µ¾÷/Á¤»ó,¿µ¾÷Áß,355-944,33488,934.17
352,°ü±¤Ææ¼Ç¾÷,2015-04-06,,¿µ¾÷/Á¤»ó,¿µ¾÷Áß,355-846,33411,389.85
353,°ü±¤Ææ¼Ç¾÷,2015-04-06,,¿µ¾÷/Á¤»ó,¿µ¾÷Áß,355-884,33501,128.48
354,°ü±¤Ææ¼Ç¾÷,2015-05-06,,¿µ¾÷/Á¤»ó,¿µ¾÷Áß,355-943,33488,368.55
355,°ü±¤Ææ¼Ç¾÷,2015-10-06,,¿µ¾÷/Á¤»ó,¿µ¾÷Áß,,12668,223.48
356,°ü±¤Ææ¼Ç¾÷,2019-03-12,,¿µ¾÷/Á¤»ó,¿µ¾÷Áß,,36054,228.94
357,°ü±¤Ææ¼Ç¾÷,2019-02-26,,¿µ¾÷/Á¤»ó,¿µ¾÷Áß,,52441,
358,°ü±¤Ææ¼Ç¾÷,2019-04-16,,¿µ¾÷/Á¤»ó,¿µ¾÷Áß,,59771,173.73
359,°ü±¤Ææ¼Ç¾÷,2019-05-22,,¿µ¾÷/Á¤»ó,¿µ¾÷Áß,,59569,212.41
360,°ü±¤Ææ¼Ç¾÷,2019-05-22,,¿µ¾÷/Á¤»ó,¿µ¾÷Áß,,59569,212.41
361,°ü±¤Ææ¼Ç¾÷,2019-04-12,,¿µ¾÷/Á¤»ó,¿µ¾÷Áß,,39848,249.11
362,°ü±¤Ææ¼Ç¾÷,2004-08-16,,¿µ¾÷/Á¤»ó,¿µ¾÷Áß,,23007,
363,°ü±¤Ææ¼Ç¾÷,2019-05-17,,¿µ¾÷/Á¤»ó,¿µ¾÷Áß,,53333,
364,°ü±¤Ææ¼Ç¾÷,2019-05-16,,¿µ¾÷/Á¤»ó,¿µ¾÷Áß,,12457,464.65
365,°ü±¤Ææ¼Ç¾÷,2019-05-13,,¿µ¾÷/Á¤»ó,¿µ¾÷Áß,,53081,
366,°ü±¤Ææ¼Ç¾÷,2019-04-22,,¿µ¾÷/Á¤»ó,¿µ¾÷Áß,,36755,0
367,°ü±¤Ææ¼Ç¾÷,2019-05-16,,¿µ¾÷/Á¤»ó,¿µ¾÷Áß,,27226,212.4
368,°ü±¤Ææ¼Ç¾÷,2006-03-31,,¿µ¾÷/Á¤»ó,¿µ¾÷Áß,252-801,24643,479.6
369,°ü±¤Ææ¼Ç¾÷,2006-03-31,,¿µ¾÷/Á¤»ó,¿µ¾÷Áß,252-841,24656,185.24
370,°ü±¤Ææ¼Ç¾÷,2012-11-23,,¿µ¾÷/Á¤»ó,¿µ¾÷Áß,252-803,24640,806
371,°ü±¤Ææ¼Ç¾÷,2016-05-18,,¿µ¾÷/Á¤»ó,¿µ¾÷Áß,,23117,763
372,°ü±¤Ææ¼Ç¾÷,2017-04-11,,¿µ¾÷/Á¤»ó,¿µ¾÷Áß,,23122,4848
373,°ü±¤Ææ¼Ç¾÷,2017-05-16,,¿µ¾÷/Á¤»ó,¿µ¾÷Áß,,23112,1649
374,°ü±¤Ææ¼Ç¾÷,2017-09-29,,¿µ¾÷/Á¤»ó,¿µ¾÷Áß,,23118,1949.58
375,°ü±¤Ææ¼Ç¾÷,2015-01-26,,¿µ¾÷/Á¤»ó,¿µ¾÷Áß,536-924,59065,235.5
376,°ü±¤Ææ¼Ç¾÷,2016-03-17,,¿µ¾÷/Á¤»ó,¿µ¾÷Áß,,56198,232.95
377,°ü±¤Ææ¼Ç¾÷,2015-07-10,,¿µ¾÷/Á¤»ó,¿µ¾÷Áß,325-893,33603,892.87
378,°ü±¤Ææ¼Ç¾÷,2018-03-27,,¿µ¾÷/Á¤»ó,¿µ¾÷Áß,,56338,
379,°ü±¤Ææ¼Ç¾÷,2018-06-19,,¿µ¾÷/Á¤»ó,¿µ¾÷Áß,,56342,
380,°ü±¤Ææ¼Ç¾÷,2014-03-03,,¿µ¾÷/Á¤»ó,¿µ¾÷Áß,,55805,503.64
381,°ü±¤Ææ¼Ç¾÷,2014-03-21,,¿µ¾÷/Á¤»ó,¿µ¾÷Áß,590-852,55805,275.7
382,°ü±¤Ææ¼Ç¾÷,2014-03-31,,¿µ¾÷/Á¤»ó,¿µ¾÷Áß,590-852,55805,191.18
383,°ü±¤Ææ¼Ç¾÷,2014-04-25,,¿µ¾÷/Á¤»ó,¿µ¾÷Áß,590-812,55802,1542
384,°ü±¤Ææ¼Ç¾÷,2011-04-28,,¿µ¾÷/Á¤»ó,¿µ¾÷Áß,568-811,,751.47
385,°ü±¤Ææ¼Ç¾÷,2012-06-27,,¿µ¾÷/Á¤»ó,¿µ¾÷Áß,568-814,55557,385.02
386,°ü±¤Ææ¼Ç¾÷,2012-09-21,,¿µ¾÷/Á¤»ó,¿µ¾÷Áß,579-851,56340,
387,°ü±¤Ææ¼Ç¾÷,2012-10-18,,¿µ¾÷/Á¤»ó,¿µ¾÷Áß,579-892,56341,188.39
388,°ü±¤Ææ¼Ç¾÷,2015-06-30,,¿µ¾÷/Á¤»ó,¿µ¾÷Áß,,56340,611.25
389,°ü±¤Ææ¼Ç¾÷,2017-06-30,,¿µ¾÷/Á¤»ó,¿µ¾÷Áß,,56340,134.08
390,°ü±¤Ææ¼Ç¾÷,2017-06-30,,¿µ¾÷/Á¤»ó,¿µ¾÷Áß,,56338,
391,°ü±¤Ææ¼Ç¾÷,2017-07-03,,¿µ¾÷/Á¤»ó,¿µ¾÷Áß,,56338,
392,°ü±¤Ææ¼Ç¾÷,2017-07-03,,¿µ¾÷/Á¤»ó,¿µ¾÷Áß,,56340,134.08
393,°ü±¤Ææ¼Ç¾÷,2013-07-22,,¿µ¾÷/Á¤»ó,¿µ¾÷Áß,,55557,
394,°ü±¤Ææ¼Ç¾÷,2014-12-08,,¿µ¾÷/Á¤»ó,¿µ¾÷Áß,568-811,55555,224.08
395,°ü±¤Ææ¼Ç¾÷,2016-01-07,,¿µ¾÷/Á¤»ó,¿µ¾÷Áß,,55555,393.36
396,°ü±¤Ææ¼Ç¾÷,2018-03-13,,¿µ¾÷/Á¤»ó,¿µ¾÷Áß,,55557,347.09
397,°ü±¤Ææ¼Ç¾÷,2005-11-04,,¿µ¾÷/Á¤»ó,¿µ¾÷Áß,568-823,55563,388.92
398,°ü±¤Ææ¼Ç¾÷,2005-02-24,,¿µ¾÷/Á¤»ó,¿µ¾÷Áß,568-814,,244.25
399,°ü±¤Ææ¼Ç¾÷,2008-05-27,,¿µ¾÷/Á¤»ó,¿µ¾÷Áß,568-814,568-814,519
400,°ü±¤Ææ¼Ç¾÷,2009-11-02,,¿µ¾÷/Á¤»ó,¿µ¾÷Áß,568-811,,697.11
401,°ü±¤Ææ¼Ç¾÷,2009-06-02,,¿µ¾÷/Á¤»ó,¿µ¾÷Áß,568-814,,299.82
402,°ü±¤Ææ¼Ç¾÷,2010-03-30,,¿µ¾÷/Á¤»ó,¿µ¾÷Áß,568-811,,575.16
403,°ü±¤Ææ¼Ç¾÷,2010-03-30,,¿µ¾÷/Á¤»ó,¿µ¾÷Áß,568-811,55555,366
404,°ü±¤Ææ¼Ç¾÷,2011-04-18,,¿µ¾÷/Á¤»ó,¿µ¾÷Áß,568-811,,487.12
405,°ü±¤Ææ¼Ç¾÷,2011-04-19,,¿µ¾÷/Á¤»ó,¿µ¾÷Áß,568-811,,1270.27
406,°ü±¤Ææ¼Ç¾÷,2011-04-28,,¿µ¾÷/Á¤»ó,¿µ¾÷Áß,,55555,705.6
407,°ü±¤Ææ¼Ç¾÷,2016-01-14,,¿µ¾÷/Á¤»ó,¿µ¾÷Áß,,55530,227.93
408,°ü±¤Ææ¼Ç¾÷,2009-09-07,,¿µ¾÷/Á¤»ó,¿µ¾÷Áß,413-876,10826,
409,°ü±¤Ææ¼Ç¾÷,2018-01-23,,¿µ¾÷/Á¤»ó,¿µ¾÷Áß,,17023,227.85
410,°ü±¤Ææ¼Ç¾÷,2006-12-20,,¿µ¾÷/Á¤»ó,¿µ¾÷Áß,487-851,,141.88
411,°ü±¤Ææ¼Ç¾÷,2012-06-13,,¿µ¾÷/Á¤»ó,¿µ¾÷Áß,487-851,11119,652.83
412,°ü±¤Ææ¼Ç¾÷,2012-07-05,,¿µ¾÷/Á¤»ó,¿µ¾÷Áß,487-912,11137,221.02
413,°ü±¤Ææ¼Ç¾÷,2014-05-23,,¿µ¾÷/Á¤»ó,¿µ¾÷Áß,487-873,11152,588.2
414,°ü±¤Ææ¼Ç¾÷,2017-06-16,,¿µ¾÷/Á¤»ó,¿µ¾÷Áß,,11185,148.44
415,°ü±¤Ææ¼Ç¾÷,2004-10-29,,¿µ¾÷/Á¤»ó,¿µ¾÷Áß,476-808,12547,763.7
416,°ü±¤Ææ¼Ç¾÷,2016-04-20,,¿µ¾÷/Á¤»ó,¿µ¾÷Áß,,12571,194.92
417,°ü±¤Ææ¼Ç¾÷,2009-12-24,,¿µ¾÷/Á¤»ó,¿µ¾÷Áß,476-801,,232.74
418,°ü±¤Ææ¼Ç¾÷,2010-06-04,,¿µ¾÷/Á¤»ó,¿µ¾÷Áß,476-852,,228.82
419,°ü±¤Ææ¼Ç¾÷,2011-01-18,,¿µ¾÷/Á¤»ó,¿µ¾÷Áß,482-812,11519,
420,°ü±¤Ææ¼Ç¾÷,2011-04-27,,¿µ¾÷/Á¤»ó,¿µ¾÷Áß,482-812,11519,
421,°ü±¤Ææ¼Ç¾÷,2019-05-31,,¿µ¾÷/Á¤»ó,¿µ¾÷Áß,,53273,
422,°ü±¤Ææ¼Ç¾÷,2019-06-07,,¿µ¾÷/Á¤»ó,¿µ¾÷Áß,,53080,
423,°ü±¤Ææ¼Ç¾÷,2019-07-10,,¿µ¾÷/Á¤»ó,¿µ¾÷Áß,,24465,259.93
424,°ü±¤Ææ¼Ç¾÷,2019-07-29,,¿µ¾÷/Á¤»ó,¿µ¾÷Áß,,33489,369
425,°ü±¤Ææ¼Ç¾÷,2019-09-06,,¿µ¾÷/Á¤»ó,¿µ¾÷Áß,,33488,393.32
426,°ü±¤Ææ¼Ç¾÷,2019-09-02,,¿µ¾÷/Á¤»ó,¿µ¾÷Áß,,52235,0
427,°ü±¤Ææ¼Ç¾÷,2019-08-06,,¿µ¾÷/Á¤»ó,¿µ¾÷Áß,,33489,390.42
428,°ü±¤Ææ¼Ç¾÷,2019-08-06,,¿µ¾÷/Á¤»ó,¿µ¾÷Áß,,37943,
429,°ü±¤Ææ¼Ç¾÷,2019-07-25,,¿µ¾÷/Á¤»ó,¿µ¾÷Áß,,32105,1211.43
430,°ü±¤Ææ¼Ç¾÷,2019-07-09,,¿µ¾÷/Á¤»ó,¿µ¾÷Áß,,53004,
431,°ü±¤Ææ¼Ç¾÷,2019-08-19,,¿µ¾÷/Á¤»ó,¿µ¾÷Áß,,53203,
432,°ü±¤Ææ¼Ç¾÷,2019-07-05,,¿µ¾÷/Á¤»ó,¿µ¾÷Áß,,33488,496.3
433,°ü±¤Ææ¼Ç¾÷,2019-07-05,,¿µ¾÷/Á¤»ó,¿µ¾÷Áß,,33488,359.52
434,°ü±¤Ææ¼Ç¾÷,2022-04-14,,¿µ¾÷/Á¤»ó,¿µ¾÷Áß,,53004,212.5
435,°ü±¤Ææ¼Ç¾÷,2022-04-18,,¿µ¾÷/Á¤»ó,¿µ¾÷Áß,,18553,559.91
436,°ü±¤Ææ¼Ç¾÷,2006-10-17,,¿µ¾÷/Á¤»ó,¿µ¾÷Áß,225-862,,149.22
437,°ü±¤Ææ¼Ç¾÷,2008-01-28,,¿µ¾÷/Á¤»ó,¿µ¾÷Áß,,25261,300.08
438,°ü±¤Ææ¼Ç¾÷,2014-08-26,,¿µ¾÷/Á¤»ó,¿µ¾÷Áß,,57550,
439,°ü±¤Ææ¼Ç¾÷,2014-08-13,,¿µ¾÷/Á¤»ó,¿µ¾÷Áß,545-821,57703,1566
440,°ü±¤Ææ¼Ç¾÷,2017-09-14,,¿µ¾÷/Á¤»ó,¿µ¾÷Áß,,57703,935.22
441,°ü±¤Ææ¼Ç¾÷,2016-07-25,,¿µ¾÷/Á¤»ó,¿µ¾÷Áß,,58228,370
442,°ü±¤Ææ¼Ç¾÷,2014-08-19,,¿µ¾÷/Á¤»ó,¿µ¾÷Áß,513-893,57068,561.04
443,°ü±¤Ææ¼Ç¾÷,2016-05-23,,¿µ¾÷/Á¤»ó,¿µ¾÷Áß,,57058,2996
444,°ü±¤Ææ¼Ç¾÷,2016-11-01,,¿µ¾÷/Á¤»ó,¿µ¾÷Áß,,58944,
445,°ü±¤Ææ¼Ç¾÷,2012-06-14,,¿µ¾÷/Á¤»ó,¿µ¾÷Áß,556-905,59774,581.99
446,°ü±¤Ææ¼Ç¾÷,2012-05-16,,¿µ¾÷/Á¤»ó,¿µ¾÷Áß,542-831,57601,126.62
447,°ü±¤Ææ¼Ç¾÷,2012-05-23,,¿µ¾÷/Á¤»ó,¿µ¾÷Áß,542-831,57601,142.59
448,°ü±¤Ææ¼Ç¾÷,2014-04-28,,¿µ¾÷/Á¤»ó,¿µ¾÷Áß,542-863,57623,
449,°ü±¤Ææ¼Ç¾÷,2016-03-02,,¿µ¾÷/Á¤»ó,¿µ¾÷Áß,,57660,123
450,°ü±¤Ææ¼Ç¾÷,2012-12-14,,¿µ¾÷/Á¤»ó,¿µ¾÷Áß,535-822,58807,215.59
451,°ü±¤Ææ¼Ç¾÷,2013-12-23,,¿µ¾÷/Á¤»ó,¿µ¾÷Áß,535-822,58807,119.3
452,°ü±¤Ææ¼Ç¾÷,2014-02-06,,¿µ¾÷/Á¤»ó,¿µ¾÷Áß,,58807,187.1
453,°ü±¤Ææ¼Ç¾÷,2018-06-29,,¿µ¾÷/Á¤»ó,¿µ¾÷Áß,,58834,484.44
454,°ü±¤Ææ¼Ç¾÷,2011-08-10,,¿µ¾÷/Á¤»ó,¿µ¾÷Áß,,59066,203.29
455,°ü±¤Ææ¼Ç¾÷,2015-03-17,,¿µ¾÷/Á¤»ó,¿µ¾÷Áß,,59047,448.74
456,°ü±¤Ææ¼Ç¾÷,2015-11-03,,¿µ¾÷/Á¤»ó,¿µ¾÷Áß,,59003,600.04
457,°ü±¤Ææ¼Ç¾÷,2011-12-09,,¿µ¾÷/Á¤»ó,¿µ¾÷Áß,526-801,58424,868.14
458,°ü±¤Ææ¼Ç¾÷,2015-07-08,,¿µ¾÷/Á¤»ó,¿µ¾÷Áß,526-851,58434,
459,°ü±¤Ææ¼Ç¾÷,2017-02-10,,¿µ¾÷/Á¤»ó,¿µ¾÷Áß,,59338,120.4
460,°ü±¤Ææ¼Ç¾÷,2017-09-28,,¿µ¾÷/Á¤»ó,¿µ¾÷Áß,,52406,183.31
461,°ü±¤Ææ¼Ç¾÷,2019-08-09,,¿µ¾÷/Á¤»ó,¿µ¾÷Áß,,53025,
462,°ü±¤Ææ¼Ç¾÷,2019-07-12,,¿µ¾÷/Á¤»ó,¿µ¾÷Áß,,24765,
463,°ü±¤Ææ¼Ç¾÷,2019-08-21,,¿µ¾÷/Á¤»ó,¿µ¾÷Áß,,56342,303.36
464,°ü±¤Ææ¼Ç¾÷,2019-09-08,,¿µ¾÷/Á¤»ó,¿µ¾÷Áß,,37943,
465,°ü±¤Ææ¼Ç¾÷,2019-12-16,,¿µ¾÷/Á¤»ó,¿µ¾÷Áß,,53332,118.55
466,°ü±¤Ææ¼Ç¾÷,2019-10-14,,¿µ¾÷/Á¤»ó,¿µ¾÷Áß,,52115,
467,°ü±¤Ææ¼Ç¾÷,2019-12-02,,¿µ¾÷/Á¤»ó,¿µ¾÷Áß,,22393,0
468,°ü±¤Ææ¼Ç¾÷,2019-12-02,,¿µ¾÷/Á¤»ó,¿µ¾÷Áß,,52441,198.9
469,°ü±¤Ææ¼Ç¾÷,2019-12-02,,¿µ¾÷/Á¤»ó,¿µ¾÷Áß,,52441,196.65
470,°ü±¤Ææ¼Ç¾÷,2019-10-10,,¿µ¾÷/Á¤»ó,¿µ¾÷Áß,,38321,1356
471,°ü±¤Ææ¼Ç¾÷,2019-12-05,,¿µ¾÷/Á¤»ó,¿µ¾÷Áß,,25100,69.36
472,°ü±¤Ææ¼Ç¾÷,2019-12-05,,¿µ¾÷/Á¤»ó,¿µ¾÷Áß,,25100,54.42
473,°ü±¤Ææ¼Ç¾÷,2019-12-05,,¿µ¾÷/Á¤»ó,¿µ¾÷Áß,,25100,54.3
474,°ü±¤Ææ¼Ç¾÷,2019-12-05,,¿µ¾÷/Á¤»ó,¿µ¾÷Áß,,25100,76.72
475,°ü±¤Ææ¼Ç¾÷,2019-12-05,,¿µ¾÷/Á¤»ó,¿µ¾÷Áß,,25100,76.36
476,°ü±¤Ææ¼Ç¾÷,2019-12-24,,¿µ¾÷/Á¤»ó,¿µ¾÷Áß,,52241,0
477,°ü±¤Ææ¼Ç¾÷,2019-12-26,,¿µ¾÷/Á¤»ó,¿µ¾÷Áß,,33502,276.06
478,°ü±¤Ææ¼Ç¾÷,2019-10-15,,¿µ¾÷/Á¤»ó,¿µ¾÷Áß,,36997,191.96
479,°ü±¤Ææ¼Ç¾÷,2019-11-29,,¿µ¾÷/Á¤»ó,¿µ¾÷Áß,,45008,345.66
480,°ü±¤Ææ¼Ç¾÷,2019-11-29,,¿µ¾÷/Á¤»ó,¿µ¾÷Áß,,45008,281.1
481,°ü±¤Ææ¼Ç¾÷,2019-10-04,,¿µ¾÷/Á¤»ó,¿µ¾÷Áß,,17163,
482,°ü±¤Ææ¼Ç¾÷,2019-11-12,,¿µ¾÷/Á¤»ó,¿µ¾÷Áß,,58424,
483,°ü±¤Ææ¼Ç¾÷,2019-11-19,,¿µ¾÷/Á¤»ó,¿µ¾÷Áß,,33489,385.2
484,°ü±¤Ææ¼Ç¾÷,2019-10-20,,¿µ¾÷/Á¤»ó,¿µ¾÷Áß,,53334,
485,°ü±¤Ææ¼Ç¾÷,2019-10-23,,¿µ¾÷/Á¤»ó,¿µ¾÷Áß,,25459,397.72
486,°ü±¤Ææ¼Ç¾÷,2019-11-27,,¿µ¾÷/Á¤»ó,¿µ¾÷Áß,,25042,
487,°ü±¤Ææ¼Ç¾÷,2019-11-22,,¿µ¾÷/Á¤»ó,¿µ¾÷Áß,,52441,862.2
488,°ü±¤Ææ¼Ç¾÷,2022-02-11,,¿µ¾÷/Á¤»ó,¿µ¾÷Áß,,25044,167
489,°ü±¤Ææ¼Ç¾÷,2022-01-28,,¿µ¾÷/Á¤»ó,¿µ¾÷Áß,,38368,172.78
490,°ü±¤Ææ¼Ç¾÷,2022-01-28,,¿µ¾÷/Á¤»ó,¿µ¾÷Áß,,38368,412.64
491,°ü±¤Ææ¼Ç¾÷,2022-03-29,,¿µ¾÷/Á¤»ó,¿µ¾÷Áß,,53202,0
492,°ü±¤Ææ¼Ç¾÷,2022-03-29,,¿µ¾÷/Á¤»ó,¿µ¾÷Áß,,53202,0
493,°ü±¤Ææ¼Ç¾÷,2022-03-29,,¿µ¾÷/Á¤»ó,¿µ¾÷Áß,,53202,0
494,°ü±¤Ææ¼Ç¾÷,2022-03-29,,¿µ¾÷/Á¤»ó,¿µ¾÷Áß,,53202,0
495,°ü±¤Ææ¼Ç¾÷,2022-03-14,,¿µ¾÷/Á¤»ó,¿µ¾÷Áß,,25103,1595.29
496,°ü±¤Ææ¼Ç¾÷,2022-02-23,,¿µ¾÷/Á¤»ó,¿µ¾÷Áß,,25442,0
497,°ü±¤Ææ¼Ç¾÷,2022-02-09,,¿µ¾÷/Á¤»ó,¿µ¾÷Áß,,25435,0
498,°ü±¤Ææ¼Ç¾÷,2022-02-03,,¿µ¾÷/Á¤»ó,¿µ¾÷Áß,,,206.69
499,°ü±¤Ææ¼Ç¾÷,2022-02-04,,¿µ¾÷/Á¤»ó,¿µ¾÷Áß,,56339,614
500,°ü±¤Ææ¼Ç¾÷,2022-02-14,,¿µ¾÷/Á¤»ó,¿µ¾÷Áß,,18553,40.5
501,°ü±¤Ææ¼Ç¾÷,2010-06-25,,¿µ¾÷/Á¤»ó,¿µ¾÷Áß,650-923,,358.14
502,°ü±¤Ææ¼Ç¾÷,2011-07-07,,¿µ¾÷/Á¤»ó,¿µ¾÷Áß,650-942,,
503,°ü±¤Ææ¼Ç¾÷,2010-08-10,,¿µ¾÷/Á¤»ó,¿µ¾÷Áß,650-943,,
504,°ü±¤Ææ¼Ç¾÷,2010-09-09,,¿µ¾÷/Á¤»ó,¿µ¾÷Áß,650-831,,
505,°ü±¤Ææ¼Ç¾÷,2011-10-21,,¿µ¾÷/Á¤»ó,¿µ¾÷Áß,650-942,,
506,°ü±¤Ææ¼Ç¾÷,2012-08-02,,¿µ¾÷/Á¤»ó,¿µ¾÷Áß,650-836,53017,
507,°ü±¤Ææ¼Ç¾÷,2012-08-02,,¿µ¾÷/Á¤»ó,¿µ¾÷Áß,650-836,53017,
508,°ü±¤Ææ¼Ç¾÷,2012-12-31,,¿µ¾÷/Á¤»ó,¿µ¾÷Áß,650-838,53029,
509,°ü±¤Ææ¼Ç¾÷,2008-08-01,,¿µ¾÷/Á¤»ó,¿µ¾÷Áß,220-824,26357,218.45
510,°ü±¤Ææ¼Ç¾÷,2015-05-12,,¿µ¾÷/Á¤»ó,¿µ¾÷Áß,689-823,44909,705
511,°ü±¤Ææ¼Ç¾÷,2015-11-05,,¿µ¾÷/Á¤»ó,¿µ¾÷Áß,,44909,1408
512,°ü±¤Ææ¼Ç¾÷,2017-07-20,,¿µ¾÷/Á¤»ó,¿µ¾÷Áß,,36404,1825.99
513,°ü±¤Ææ¼Ç¾÷,2015-06-24,,¿µ¾÷/Á¤»ó,¿µ¾÷Áß,766-822,36453,337.57
514,°ü±¤Ææ¼Ç¾÷,2014-08-02,,¿µ¾÷/Á¤»ó,¿µ¾÷Áß,,58027,229.28
515,°ü±¤Ææ¼Ç¾÷,2015-06-05,,¿µ¾÷/Á¤»ó,¿µ¾÷Áß,540-290,58027,343.3
516,°ü±¤Ææ¼Ç¾÷,2004-11-15,,¿µ¾÷/Á¤»ó,¿µ¾÷Áß,546-804,59448,495.71
517,°ü±¤Ææ¼Ç¾÷,2011-06-21,,¿µ¾÷/Á¤»ó,¿µ¾÷Áß,,59471,164.69
518,°ü±¤Ææ¼Ç¾÷,2015-08-24,,¿µ¾÷/Á¤»ó,¿µ¾÷Áß,,58027,323.62
519,°ü±¤Ææ¼Ç¾÷,2016-11-04,,¿µ¾÷/Á¤»ó,¿µ¾÷Áß,,58025,463.56
520,°ü±¤Ææ¼Ç¾÷,2018-07-25,,¿µ¾÷/Á¤»ó,¿µ¾÷Áß,,59400,119.24
521,°ü±¤Ææ¼Ç¾÷,2014-05-27,,¿µ¾÷/Á¤»ó,¿µ¾÷Áß,,59566,585.9
522,°ü±¤Ææ¼Ç¾÷,2018-01-08,,¿µ¾÷/Á¤»ó,¿µ¾÷Áß,,59566,
523,°ü±¤Ææ¼Ç¾÷,2018-01-24,,¿µ¾÷/Á¤»ó,¿µ¾÷Áß,,59566,115.29
524,°ü±¤Ææ¼Ç¾÷,2018-03-30,,¿µ¾÷/Á¤»ó,¿µ¾÷Áß,,59565,686.76
525,°ü±¤Ææ¼Ç¾÷,2010-06-07,,¿µ¾÷/Á¤»ó,¿µ¾÷Áß,534-832,58557,336.41
526,°ü±¤Ææ¼Ç¾÷,2012-07-02,,¿µ¾÷/Á¤»ó,¿µ¾÷Áß,534-851,58534,1667.5
527,°ü±¤Ææ¼Ç¾÷,2012-12-18,,¿µ¾÷/Á¤»ó,¿µ¾÷Áß,,58541,197.69
528,°ü±¤Ææ¼Ç¾÷,2017-11-01,,¿µ¾÷/Á¤»ó,¿µ¾÷Áß,,58557,415.66
529,°ü±¤Ææ¼Ç¾÷,2011-09-20,,¿µ¾÷/Á¤»ó,¿µ¾÷Áß,,,2568.04
530,°ü±¤Ææ¼Ç¾÷,2015-07-15,,¿µ¾÷/Á¤»ó,¿µ¾÷Áß,527-813,59201,82.79
531,°ü±¤Ææ¼Ç¾÷,2011-04-07,,¿µ¾÷/Á¤»ó,¿µ¾÷Áß,,59136,800
532,°ü±¤Ææ¼Ç¾÷,2011-11-07,,¿µ¾÷/Á¤»ó,¿µ¾÷Áß,537-863,59146,300.48
533,°ü±¤Ææ¼Ç¾÷,2016-09-23,,¿µ¾÷/Á¤»ó,¿µ¾÷Áß,,59146,293.78
534,°ü±¤Ææ¼Ç¾÷,2016-11-17,,¿µ¾÷/Á¤»ó,¿µ¾÷Áß,,59160,
535,°ü±¤Ææ¼Ç¾÷,2017-08-03,,¿µ¾÷/Á¤»ó,¿µ¾÷Áß,,59106,132.84
536,°ü±¤Ææ¼Ç¾÷,2017-11-22,,¿µ¾÷/Á¤»ó,¿µ¾÷Áß,,59162,
537,°ü±¤Ææ¼Ç¾÷,2017-03-07,,¿µ¾÷/Á¤»ó,¿µ¾÷Áß,,18553,323.54
538,°ü±¤Ææ¼Ç¾÷,2017-07-14,,¿µ¾÷/Á¤»ó,¿µ¾÷Áß,,18553,285.2
539,°ü±¤Ææ¼Ç¾÷,2017-08-10,,¿µ¾÷/Á¤»ó,¿µ¾÷Áß,,18553,412.49
540,°ü±¤Ææ¼Ç¾÷,2017-08-10,,¿µ¾÷/Á¤»ó,¿µ¾÷Áß,,18553,320.64
541,°ü±¤Ææ¼Ç¾÷,2017-09-07,,¿µ¾÷/Á¤»ó,¿µ¾÷Áß,,18553,341.7
542,°ü±¤Ææ¼Ç¾÷,2019-04-25,,¿µ¾÷/Á¤»ó,¿µ¾÷Áß,,18553,298.15
543,°ü±¤Ææ¼Ç¾÷,2019-04-26,,¿µ¾÷/Á¤»ó,¿µ¾÷Áß,,18553,492.69
544,°ü±¤Ææ¼Ç¾÷,2019-04-26,,¿µ¾÷/Á¤»ó,¿µ¾÷Áß,,18553,582.65
545,°ü±¤Ææ¼Ç¾÷,2019-07-23,,¿µ¾÷/Á¤»ó,¿µ¾÷Áß,,18553,97.88
546,°ü±¤Ææ¼Ç¾÷,2019-11-27,,¿µ¾÷/Á¤»ó,¿µ¾÷Áß,,18553,236.65
547,°ü±¤Ææ¼Ç¾÷,2020-02-04,,¿µ¾÷/Á¤»ó,¿µ¾÷Áß,,18553,239.8
548,°ü±¤Ææ¼Ç¾÷,2020-06-08,,¿µ¾÷/Á¤»ó,¿µ¾÷Áß,,18553,179.09
549,°ü±¤Ææ¼Ç¾÷,2020-07-24,,¿µ¾÷/Á¤»ó,¿µ¾÷Áß,,18553,475.08
550,°ü±¤Ææ¼Ç¾÷,2020-07-28,,¿µ¾÷/Á¤»ó,¿µ¾÷Áß,,18553,139.88
551,°ü±¤Ææ¼Ç¾÷,2017-08-14,,¿µ¾÷/Á¤»ó,¿µ¾÷Áß,,18553,393.12
552,°ü±¤Ææ¼Ç¾÷,2017-10-18,,¿µ¾÷/Á¤»ó,¿µ¾÷Áß,,18553,685.34
553,°ü±¤Ææ¼Ç¾÷,2017-11-30,,¿µ¾÷/Á¤»ó,¿µ¾÷Áß,,18553,445.35
554,°ü±¤Ææ¼Ç¾÷,2017-12-08,,¿µ¾÷/Á¤»ó,¿µ¾÷Áß,,18553,245.07
555,°ü±¤Ææ¼Ç¾÷,2018-10-04,,¿µ¾÷/Á¤»ó,¿µ¾÷Áß,,18553,1288.91
556,°ü±¤Ææ¼Ç¾÷,2018-10-04,,¿µ¾÷/Á¤»ó,¿µ¾÷Áß,,18553,106.3
557,°ü±¤Ææ¼Ç¾÷,2018-10-08,,¿µ¾÷/Á¤»ó,¿µ¾÷Áß,,18553,789.76
558,°ü±¤Ææ¼Ç¾÷,2018-03-16,,¿µ¾÷/Á¤»ó,¿µ¾÷Áß,,18553,326.18
559,°ü±¤Ææ¼Ç¾÷,2018-04-24,,¿µ¾÷/Á¤»ó,¿µ¾÷Áß,,18553,238.28
560,°ü±¤Ææ¼Ç¾÷,2018-04-26,,¿µ¾÷/Á¤»ó,¿µ¾÷Áß,,18553,394.56
561,°ü±¤Ææ¼Ç¾÷,2018-06-14,,¿µ¾÷/Á¤»ó,¿µ¾÷Áß,,18553,534.33
562,°ü±¤Ææ¼Ç¾÷,2018-07-09,,¿µ¾÷/Á¤»ó,¿µ¾÷Áß,,18553,344.7
563,°ü±¤Ææ¼Ç¾÷,2018-09-18,,¿µ¾÷/Á¤»ó,¿µ¾÷Áß,,18553,185.25
564,°ü±¤Ææ¼Ç¾÷,2018-10-04,,¿µ¾÷/Á¤»ó,¿µ¾÷Áß,,18553,668.02
565,°ü±¤Ææ¼Ç¾÷,2018-10-18,,¿µ¾÷/Á¤»ó,¿µ¾÷Áß,,18553,479.03
566,°ü±¤Ææ¼Ç¾÷,2018-11-23,,¿µ¾÷/Á¤»ó,¿µ¾÷Áß,,18553,300.03
567,°ü±¤Ææ¼Ç¾÷,2018-11-23,,¿µ¾÷/Á¤»ó,¿µ¾÷Áß,,18553,82.65
568,°ü±¤Ææ¼Ç¾÷,2018-11-26,,¿µ¾÷/Á¤»ó,¿µ¾÷Áß,,18553,126.36
569,°ü±¤Ææ¼Ç¾÷,2018-11-26,,¿µ¾÷/Á¤»ó,¿µ¾÷Áß,,18553,87.12
570,°ü±¤Ææ¼Ç¾÷,2018-12-18,,¿µ¾÷/Á¤»ó,¿µ¾÷Áß,,18553,262.08
571,°ü±¤Ææ¼Ç¾÷,2018-12-18,,¿µ¾÷/Á¤»ó,¿µ¾÷Áß,,18553,291.14
572,°ü±¤Ææ¼Ç¾÷,2019-02-14,,¿µ¾÷/Á¤»ó,¿µ¾÷Áß,,18553,354.27
573,°ü±¤Ææ¼Ç¾÷,2020-02-17,,¿µ¾÷/Á¤»ó,¿µ¾÷Áß,,18553,81.15
574,°ü±¤Ææ¼Ç¾÷,2020-04-16,,¿µ¾÷/Á¤»ó,¿µ¾÷Áß,,18553,207.15
575,°ü±¤Ææ¼Ç¾÷,2020-05-29,,¿µ¾÷/Á¤»ó,¿µ¾÷Áß,,18553,346.72
576,°ü±¤Ææ¼Ç¾÷,2017-09-21,,¿µ¾÷/Á¤»ó,¿µ¾÷Áß,,18553,355.56
577,°ü±¤Ææ¼Ç¾÷,2020-02-25,,¿µ¾÷/Á¤»ó,¿µ¾÷Áß,,32626,1754.22
578,°ü±¤Ææ¼Ç¾÷,2020-02-25,,¿µ¾÷/Á¤»ó,¿µ¾÷Áß,,32592,177.47
579,°ü±¤Ææ¼Ç¾÷,2020-01-21,,¿µ¾÷/Á¤»ó,¿µ¾÷Áß,,52410,
580,°ü±¤Ææ¼Ç¾÷,2020-03-24,,¿µ¾÷/Á¤»ó,¿µ¾÷Áß,,32108,
581,°ü±¤Ææ¼Ç¾÷,2020-02-26,,¿µ¾÷/Á¤»ó,¿µ¾÷Áß,,58844,96.5
582,°ü±¤Ææ¼Ç¾÷,2020-01-10,,¿µ¾÷/Á¤»ó,¿µ¾÷Áß,,24902,189
583,°ü±¤Ææ¼Ç¾÷,2020-03-09,,¿µ¾÷/Á¤»ó,¿µ¾÷Áß,,32152,2314
584,°ü±¤Ææ¼Ç¾÷,2020-03-09,,¿µ¾÷/Á¤»ó,¿µ¾÷Áß,,32626,456.05
585,°ü±¤Ææ¼Ç¾÷,2020-01-10,,¿µ¾÷/Á¤»ó,¿µ¾÷Áß,,25054,194.23
586,°ü±¤Ææ¼Ç¾÷,2020-03-25,,¿µ¾÷/Á¤»ó,¿µ¾÷Áß,,12578,99.14
587,°ü±¤Ææ¼Ç¾÷,2020-03-06,,¿µ¾÷/Á¤»ó,¿µ¾÷Áß,,33406,229.14
588,°ü±¤Ææ¼Ç¾÷,2020-01-23,,¿µ¾÷/Á¤»ó,¿µ¾÷Áß,,53029,111.62
589,°ü±¤Ææ¼Ç¾÷,2020-03-04,,¿µ¾÷/Á¤»ó,¿µ¾÷Áß,,37928,
590,°ü±¤Ææ¼Ç¾÷,2020-01-28,,¿µ¾÷/Á¤»ó,¿µ¾÷Áß,,37510,
591,°ü±¤Ææ¼Ç¾÷,2020-01-22,,¿µ¾÷/Á¤»ó,¿µ¾÷Áß,,23111,625
592,°ü±¤Ææ¼Ç¾÷,2021-12-28,,¿µ¾÷/Á¤»ó,¿µ¾÷Áß,,18553,698.32
593,°ü±¤Ææ¼Ç¾÷,2022-01-11,,¿µ¾÷/Á¤»ó,¿µ¾÷Áß,,38361,511.84
594,°ü±¤Ææ¼Ç¾÷,2022-01-17,,¿µ¾÷/Á¤»ó,¿µ¾÷Áß,,32406,489.39
595,°ü±¤Ææ¼Ç¾÷,2022-01-14,,¿µ¾÷/Á¤»ó,¿µ¾÷Áß,,27842,154.39
596,°ü±¤Ææ¼Ç¾÷,2021-12-27,,¿µ¾÷/Á¤»ó,¿µ¾÷Áß,,56005,769.2
597,°ü±¤Ææ¼Ç¾÷,2021-12-31,,¿µ¾÷/Á¤»ó,¿µ¾÷Áß,,59621,0
598,°ü±¤Ææ¼Ç¾÷,2021-12-31,,¿µ¾÷/Á¤»ó,¿µ¾÷Áß,,25103,425.82
599,°ü±¤Ææ¼Ç¾÷,2023-04-24,,¿µ¾÷/Á¤»ó,¿µ¾÷Áß,,52402,0
600,°ü±¤Ææ¼Ç¾÷,2023-04-10,,¿µ¾÷/Á¤»ó,¿µ¾÷Áß,,12526,0
601,°ü±¤Ææ¼Ç¾÷,2023-04-24,,¿µ¾÷/Á¤»ó,¿µ¾÷Áß,,56211,90.2
602,°ü±¤Ææ¼Ç¾÷,2023-04-19,,¿µ¾÷/Á¤»ó,¿µ¾÷Áß,,39855,458
603,°ü±¤Ææ¼Ç¾÷,2023-04-25,,¿µ¾÷/Á¤»ó,¿µ¾÷Áß,,52402,0
604,°ü±¤Ææ¼Ç¾÷,2023-04-21,,¿µ¾÷/Á¤»ó,¿µ¾÷Áß,,12443,196.83
605,°ü±¤Ææ¼Ç¾÷,2023-04-05,,¿µ¾÷/Á¤»ó,¿µ¾÷Áß,,32622,124.78
606,°ü±¤Ææ¼Ç¾÷,2023-04-12,,¿µ¾÷/Á¤»ó,¿µ¾÷Áß,,36453,2086
607,°ü±¤Ææ¼Ç¾÷,2023-04-27,,¿µ¾÷/Á¤»ó,¿µ¾÷Áß,,29059,0
608,°ü±¤Ææ¼Ç¾÷,2023-04-27,,¿µ¾÷/Á¤»ó,¿µ¾÷Áß,,29059,0
609,°ü±¤Ææ¼Ç¾÷,2023-04-12,,¿µ¾÷/Á¤»ó,¿µ¾÷Áß,,12447,0
610,°ü±¤Ææ¼Ç¾÷,2023-04-27,,¿µ¾÷/Á¤»ó,¿µ¾÷Áß,,52436,0
611,°ü±¤Ææ¼Ç¾÷,2023-04-26,,¿µ¾÷/Á¤»ó,¿µ¾÷Áß,,25704,88.37
612,°ü±¤Ææ¼Ç¾÷,2010-01-13,,¿µ¾÷/Á¤»ó,¿µ¾÷Áß,656-891,,227.98
613,°ü±¤Ææ¼Ç¾÷,2010-01-13,,¿µ¾÷/Á¤»ó,¿µ¾÷Áß,,53329,228.78
614,°ü±¤Ææ¼Ç¾÷,2010-01-13,,¿µ¾÷/Á¤»ó,¿µ¾÷Áß,656-891,,229.35
615,°ü±¤Ææ¼Ç¾÷,2010-09-30,,¿µ¾÷/Á¤»ó,¿µ¾÷Áß,656-891,,216.5
616,°ü±¤Ææ¼Ç¾÷,2011-08-19,,¿µ¾÷/Á¤»ó,¿µ¾÷Áß,656-891,,246.61
617,°ü±¤Ææ¼Ç¾÷,2011-10-07,,¿µ¾÷/Á¤»ó,¿µ¾÷Áß,656-852,53332,358.61
618,°ü±¤Ææ¼Ç¾÷,2012-07-27,,¿µ¾÷/Á¤»ó,¿µ¾÷Áß,656-833,656-833,226.43
619,°ü±¤Ææ¼Ç¾÷,2012-10-04,,¿µ¾÷/Á¤»ó,¿µ¾÷Áß,,24026,648.49
620,°ü±¤Ææ¼Ç¾÷,2016-03-07,,¿µ¾÷/Á¤»ó,¿µ¾÷Áß,,24058,566
621,°ü±¤Ææ¼Ç¾÷,2018-05-17,,¿µ¾÷/Á¤»ó,¿µ¾÷Áß,,24058,226.87
622,°ü±¤Ææ¼Ç¾÷,2018-05-17,,¿µ¾÷/Á¤»ó,¿µ¾÷Áß,,24058,226.87
623,°ü±¤Ææ¼Ç¾÷,2006-06-19,,¿µ¾÷/Á¤»ó,¿µ¾÷Áß,233-851,,112.15
624,°ü±¤Ææ¼Ç¾÷,2017-02-17,,¿µ¾÷/Á¤»ó,¿µ¾÷Áß,,26146,
625,°ü±¤Ææ¼Ç¾÷,2017-02-27,,¿µ¾÷/Á¤»ó,¿µ¾÷Áß,,26104,
626,°ü±¤Ææ¼Ç¾÷,2017-08-18,,¿µ¾÷/Á¤»ó,¿µ¾÷Áß,,26124,
627,°ü±¤Ææ¼Ç¾÷,2018-06-18,,¿µ¾÷/Á¤»ó,¿µ¾÷Áß,,25938,456
628,°ü±¤Ææ¼Ç¾÷,2005-01-31,,¿µ¾÷/Á¤»ó,¿µ¾÷Áß,250-875,,185.02
629,°ü±¤Ææ¼Ç¾÷,2005-09-26,,¿µ¾÷/Á¤»ó,¿µ¾÷Áß,250-856,,245.62
630,°ü±¤Ææ¼Ç¾÷,2006-02-15,,¿µ¾÷/Á¤»ó,¿µ¾÷Áß,,25101,232
631,°ü±¤Ææ¼Ç¾÷,2014-09-03,,¿µ¾÷/Á¤»ó,¿µ¾÷Áß,245-903,25952,1933
632,°ü±¤Ææ¼Ç¾÷,2017-05-25,,¿µ¾÷/Á¤»ó,¿µ¾÷Áß,,25903,120.64
633,°ü±¤Ææ¼Ç¾÷,2004-06-21,,¿µ¾÷/Á¤»ó,¿µ¾÷Áß,250-856,,376.02
634,°ü±¤Ææ¼Ç¾÷,2006-07-04,,¿µ¾÷/Á¤»ó,¿µ¾÷Áß,250-882,,531
635,°ü±¤Ææ¼Ç¾÷,2007-11-27,,¿µ¾÷/Á¤»ó,¿µ¾÷Áß,250-856,,251
636,°ü±¤Ææ¼Ç¾÷,2011-11-15,,¿µ¾÷/Á¤»ó,¿µ¾÷Áß,250-812,25159,98.13
637,°ü±¤Ææ¼Ç¾÷,2012-05-24,,¿µ¾÷/Á¤»ó,¿µ¾÷Áß,250-881,25116,198.74
638,°ü±¤Ææ¼Ç¾÷,2018-08-02,,¿µ¾÷/Á¤»ó,¿µ¾÷Áß,,59400,182.28
639,°ü±¤Ææ¼Ç¾÷,2018-07-30,,¿µ¾÷/Á¤»ó,¿µ¾÷Áß,,33488,370.44
640,°ü±¤Ææ¼Ç¾÷,2018-07-31,,¿µ¾÷/Á¤»ó,¿µ¾÷Áß,,33488,383.55
641,°ü±¤Ææ¼Ç¾÷,2011-07-08,,¿µ¾÷/Á¤»ó,¿µ¾÷Áß,790-811,,226.48
642,°ü±¤Ææ¼Ç¾÷,2012-07-26,,¿µ¾÷/Á¤»ó,¿µ¾÷Áß,791-921,37518,313.09
643,°ü±¤Ææ¼Ç¾÷,2012-08-06,,¿µ¾÷/Á¤»ó,¿µ¾÷Áß,791-921,37518,
644,°ü±¤Ææ¼Ç¾÷,2015-12-04,,¿µ¾÷/Á¤»ó,¿µ¾÷Áß,,37929,
645,°ü±¤Ææ¼Ç¾÷,2016-11-30,,¿µ¾÷/Á¤»ó,¿µ¾÷Áß,,37511,
646,°ü±¤Ææ¼Ç¾÷,2018-08-31,,¿µ¾÷/Á¤»ó,¿µ¾÷Áß,,23118,631.23
647,°ü±¤Ææ¼Ç¾÷,2011-05-27,,¿µ¾÷/Á¤»ó,¿µ¾÷Áß,,25005,
648,°ü±¤Ææ¼Ç¾÷,2011-09-16,,¿µ¾÷/Á¤»ó,¿µ¾÷Áß,,25038,2224
649,°ü±¤Ææ¼Ç¾÷,2012-04-04,,¿µ¾÷/Á¤»ó,¿µ¾÷Áß,215-851,25005,
650,°ü±¤Ææ¼Ç¾÷,2013-05-28,,¿µ¾÷/Á¤»ó,¿µ¾÷Áß,215-853,25006,467.03
651,°ü±¤Ææ¼Ç¾÷,2017-04-17,,¿µ¾÷/Á¤»ó,¿µ¾÷Áß,,25042,
652,°ü±¤Ææ¼Ç¾÷,2018-01-16,,¿µ¾÷/Á¤»ó,¿µ¾÷Áß,,25011,229.86
653,°ü±¤Ææ¼Ç¾÷,2007-07-19,,¿µ¾÷/Á¤»ó,¿µ¾÷Áß,,25046,245.12
654,°ü±¤Ææ¼Ç¾÷,2008-04-29,,¿µ¾÷/Á¤»ó,¿µ¾÷Áß,,25046,602.97
655,°ü±¤Ææ¼Ç¾÷,2010-08-10,,¿µ¾÷/Á¤»ó,¿µ¾÷Áß,,25047,2935.12
656,°ü±¤Ææ¼Ç¾÷,2018-08-27,,¿µ¾÷/Á¤»ó,¿µ¾÷Áß,,55563,389.4
657,°ü±¤Ææ¼Ç¾÷,2020-03-19,,¿µ¾÷/Á¤»ó,¿µ¾÷Áß,,52441,
658,°ü±¤Ææ¼Ç¾÷,2020-03-30,,¿µ¾÷/Á¤»ó,¿µ¾÷Áß,,59472,196.8
659,°ü±¤Ææ¼Ç¾÷,2020-04-06,,¿µ¾÷/Á¤»ó,¿µ¾÷Áß,,17170,1044.95
660,°ü±¤Ææ¼Ç¾÷,2020-04-07,,¿µ¾÷/Á¤»ó,¿µ¾÷Áß,,53086,222.15
661,°ü±¤Ææ¼Ç¾÷,2020-04-08,,¿µ¾÷/Á¤»ó,¿µ¾÷Áß,,59001,548.96
662,°ü±¤Ææ¼Ç¾÷,2020-04-21,,¿µ¾÷/Á¤»ó,¿µ¾÷Áß,,58820,597.24
663,°ü±¤Ææ¼Ç¾÷,2020-04-03,,¿µ¾÷/Á¤»ó,¿µ¾÷Áß,,37512,
664,°ü±¤Ææ¼Ç¾÷,2020-04-03,,¿µ¾÷/Á¤»ó,¿µ¾÷Áß,,37512,
665,°ü±¤Ææ¼Ç¾÷,2020-04-03,,¿µ¾÷/Á¤»ó,¿µ¾÷Áß,,37512,
666,°ü±¤Ææ¼Ç¾÷,2020-04-03,,¿µ¾÷/Á¤»ó,¿µ¾÷Áß,,37512,
667,°ü±¤Ææ¼Ç¾÷,2020-06-01,,¿µ¾÷/Á¤»ó,¿µ¾÷Áß,,53334,
668,°ü±¤Ææ¼Ç¾÷,2020-06-02,,¿µ¾÷/Á¤»ó,¿µ¾÷Áß,,33489,398.8
669,°ü±¤Ææ¼Ç¾÷,2020-04-14,,¿µ¾÷/Á¤»ó,¿µ¾÷Áß,,53011,162.92
670,°ü±¤Ææ¼Ç¾÷,2020-04-14,,¿µ¾÷/Á¤»ó,¿µ¾÷Áß,,53063,199.17
671,°ü±¤Ææ¼Ç¾÷,2020-05-25,,¿µ¾÷/Á¤»ó,¿µ¾÷Áß,,26504,0
672,°ü±¤Ææ¼Ç¾÷,2021-11-30,,¿µ¾÷/Á¤»ó,¿µ¾÷Áß,,59143,901
673,°ü±¤Ææ¼Ç¾÷,2021-10-13,,¿µ¾÷/Á¤»ó,¿µ¾÷Áß,,24460,161.4
674,°ü±¤Ææ¼Ç¾÷,2021-11-15,,¿µ¾÷/Á¤»ó,¿µ¾÷Áß,,25461,0
675,°ü±¤Ææ¼Ç¾÷,2021-11-15,,¿µ¾÷/Á¤»ó,¿µ¾÷Áß,,25461,0
676,°ü±¤Ææ¼Ç¾÷,2021-10-22,,¿µ¾÷/Á¤»ó,¿µ¾÷Áß,,57551,0
677,°ü±¤Ææ¼Ç¾÷,2021-10-27,,¿µ¾÷/Á¤»ó,¿µ¾÷Áß,,59521,0
678,°ü±¤Ææ¼Ç¾÷,2021-10-19,,¿µ¾÷/Á¤»ó,¿µ¾÷Áß,,12527,509.4
679,°ü±¤Ææ¼Ç¾÷,2021-10-21,,¿µ¾÷/Á¤»ó,¿µ¾÷Áß,,59146,94.6
680,°ü±¤Ææ¼Ç¾÷,2021-12-02,,¿µ¾÷/Á¤»ó,¿µ¾÷Áß,,23117,453
681,°ü±¤Ææ¼Ç¾÷,2021-09-30,,¿µ¾÷/Á¤»ó,¿µ¾÷Áß,,52545,2828
682,°ü±¤Ææ¼Ç¾÷,2021-11-11,,¿µ¾÷/Á¤»ó,¿µ¾÷Áß,,18553,352.99
683,°ü±¤Ææ¼Ç¾÷,2021-09-30,,¿µ¾÷/Á¤»ó,¿µ¾÷Áß,,24752,0
684,°ü±¤Ææ¼Ç¾÷,2021-11-04,,¿µ¾÷/Á¤»ó,¿µ¾÷Áß,,38128,229.7
685,°ü±¤Ææ¼Ç¾÷,2021-09-30,,¿µ¾÷/Á¤»ó,¿µ¾÷Áß,,26357,441.48
686,°ü±¤Ææ¼Ç¾÷,2023-03-06,,¿µ¾÷/Á¤»ó,¿µ¾÷Áß,,53003,219.4
687,°ü±¤Ææ¼Ç¾÷,2023-03-06,,¿µ¾÷/Á¤»ó,¿µ¾÷Áß,,25252,0
688,°ü±¤Ææ¼Ç¾÷,2023-02-14,,¿µ¾÷/Á¤»ó,¿µ¾÷Áß,,24762,0
689,°ü±¤Ææ¼Ç¾÷,2023-03-30,,¿µ¾÷/Á¤»ó,¿µ¾÷Áß,,26205,220.87
690,°ü±¤Ææ¼Ç¾÷,2023-03-23,,¿µ¾÷/Á¤»ó,¿µ¾÷Áß,,53084,196.56
691,°ü±¤Ææ¼Ç¾÷,2023-03-30,,¿µ¾÷/Á¤»ó,¿µ¾÷Áß,,36622,65.96
692,°ü±¤Ææ¼Ç¾÷,2023-03-29,,¿µ¾÷/Á¤»ó,¿µ¾÷Áß,,48098,0
693,°ü±¤Ææ¼Ç¾÷,2023-02-10,,¿µ¾÷/Á¤»ó,¿µ¾÷Áß,,59567,193.34
694,°ü±¤Ææ¼Ç¾÷,2023-03-16,,¿µ¾÷/Á¤»ó,¿µ¾÷Áß,,12448,0
695,°ü±¤Ææ¼Ç¾÷,2023-03-03,,¿µ¾÷/Á¤»ó,¿µ¾÷Áß,,27028,97.76
696,°ü±¤Ææ¼Ç¾÷,2023-02-16,,¿µ¾÷/Á¤»ó,¿µ¾÷Áß,,25400,277.25
697,°ü±¤Ææ¼Ç¾÷,2023-03-03,,¿µ¾÷/Á¤»ó,¿µ¾÷Áß,,38348,98.34
698,°ü±¤Ææ¼Ç¾÷,2023-03-17,,¿µ¾÷/Á¤»ó,¿µ¾÷Áß,,12457,125.35
699,°ü±¤Ææ¼Ç¾÷,2023-03-28,,¿µ¾÷/Á¤»ó,¿µ¾÷Áß,,12432,699.67
700,°ü±¤Ææ¼Ç¾÷,2023-03-28,,¿µ¾÷/Á¤»ó,¿µ¾÷Áß,,32749,51.54
701,°ü±¤Ææ¼Ç¾÷,2023-03-28,,¿µ¾÷/Á¤»ó,¿µ¾÷Áß,,53004,226.17
702,°ü±¤Ææ¼Ç¾÷,2023-03-28,,¿µ¾÷/Á¤»ó,¿µ¾÷Áß,,53004,229.6
703,°ü±¤Ææ¼Ç¾÷,2023-02-07,,¿µ¾÷/Á¤»ó,¿µ¾÷Áß,,38123,223.1
704,°ü±¤Ææ¼Ç¾÷,2023-03-29,,¿µ¾÷/Á¤»ó,¿µ¾÷Áß,,27106,0
705,°ü±¤Ææ¼Ç¾÷,2023-02-24,,¿µ¾÷/Á¤»ó,¿µ¾÷Áß,,23051,89
706,°ü±¤Ææ¼Ç¾÷,2023-03-22,,¿µ¾÷/Á¤»ó,¿µ¾÷Áß,,25435,249.06
707,°ü±¤Ææ¼Ç¾÷,2023-02-17,,¿µ¾÷/Á¤»ó,¿µ¾÷Áß,,23117,937.57
708,°ü±¤Ææ¼Ç¾÷,2023-02-03,,¿µ¾÷/Á¤»ó,¿µ¾÷Áß,,53283,0
709,°ü±¤Ææ¼Ç¾÷,2023-02-03,,¿µ¾÷/Á¤»ó,¿µ¾÷Áß,,53283,0
710,°ü±¤Ææ¼Ç¾÷,2023-02-03,,¿µ¾÷/Á¤»ó,¿µ¾÷Áß,,53283,0
711,°ü±¤Ææ¼Ç¾÷,2010-03-19,,¿µ¾÷/Á¤»ó,¿µ¾÷Áß,,52450,181.23
712,°ü±¤Ææ¼Ç¾÷,2016-04-20,,¿µ¾÷/Á¤»ó,¿µ¾÷Áß,,52410,229.63
713,°ü±¤Ææ¼Ç¾÷,2017-07-28,,¿µ¾÷/Á¤»ó,¿µ¾÷Áß,,52446,225.07
714,°ü±¤Ææ¼Ç¾÷,2018-02-22,,¿µ¾÷/Á¤»ó,¿µ¾÷Áß,,52410,215.69
715,°ü±¤Ææ¼Ç¾÷,2018-05-10,,¿µ¾÷/Á¤»ó,¿µ¾÷Áß,,52436,524
716,°ü±¤Ææ¼Ç¾÷,2018-07-04,,¿µ¾÷/Á¤»ó,¿µ¾÷Áß,,52436,302.1
717,°ü±¤Ææ¼Ç¾÷,2018-07-04,,¿µ¾÷/Á¤»ó,¿µ¾÷Áß,,52436,302.1
718,°ü±¤Ææ¼Ç¾÷,2018-07-10,,¿µ¾÷/Á¤»ó,¿µ¾÷Áß,,52434,437.13
719,°ü±¤Ææ¼Ç¾÷,2018-07-11,,¿µ¾÷/Á¤»ó,¿µ¾÷Áß,,52434,
720,°ü±¤Ææ¼Ç¾÷,2018-07-24,,¿µ¾÷/Á¤»ó,¿µ¾÷Áß,,52434,222.66
721,°ü±¤Ææ¼Ç¾÷,2017-08-01,,¿µ¾÷/Á¤»ó,¿µ¾÷Áß,,53326,
722,°ü±¤Ææ¼Ç¾÷,2017-12-27,,¿µ¾÷/Á¤»ó,¿µ¾÷Áß,,53329,
723,°ü±¤Ææ¼Ç¾÷,2017-08-01,,¿µ¾÷/Á¤»ó,¿µ¾÷Áß,,53202,
724,°ü±¤Ææ¼Ç¾÷,2018-06-01,,¿µ¾÷/Á¤»ó,¿µ¾÷Áß,,53203,
725,°ü±¤Ææ¼Ç¾÷,2018-06-01,,¿µ¾÷/Á¤»ó,¿µ¾÷Áß,,53203,
726,°ü±¤Ææ¼Ç¾÷,2014-12-19,,¿µ¾÷/Á¤»ó,¿µ¾÷Áß,664-826,664-826,322.2
727,°ü±¤Ææ¼Ç¾÷,2015-05-19,,¿µ¾÷/Á¤»ó,¿µ¾÷Áß,664-250,52571,399.6
728,°ü±¤Ææ¼Ç¾÷,2015-07-30,,¿µ¾÷/Á¤»ó,¿µ¾÷Áß,664-826,52545,860.83
729,°ü±¤Ææ¼Ç¾÷,2016-09-05,,¿µ¾÷/Á¤»ó,¿µ¾÷Áß,,52545,142.76
730,°ü±¤Ææ¼Ç¾÷,2013-12-02,,¿µ¾÷/Á¤»ó,¿µ¾÷Áß,650-943,53086,247.91
731,°ü±¤Ææ¼Ç¾÷,2014-10-28,,¿µ¾÷/Á¤»ó,¿µ¾÷Áß,650-814,53004,
732,°ü±¤Ææ¼Ç¾÷,2014-12-04,,¿µ¾÷/Á¤»ó,¿µ¾÷Áß,650-838,53029,
733,°ü±¤Ææ¼Ç¾÷,2016-07-01,,¿µ¾÷/Á¤»ó,¿µ¾÷Áß,,53085,
734,°ü±¤Ææ¼Ç¾÷,2016-08-17,,¿µ¾÷/Á¤»ó,¿µ¾÷Áß,,53087,358
735,°ü±¤Ææ¼Ç¾÷,2016-10-26,,¿µ¾÷/Á¤»ó,¿µ¾÷Áß,,53063,
736,°ü±¤Ææ¼Ç¾÷,2018-06-05,,¿µ¾÷/Á¤»ó,¿µ¾÷Áß,,53003,
737,°ü±¤Ææ¼Ç¾÷,2018-06-11,,¿µ¾÷/Á¤»ó,¿µ¾÷Áß,,53063,
738,°ü±¤Ææ¼Ç¾÷,2018-07-23,,¿µ¾÷/Á¤»ó,¿µ¾÷Áß,,24114,171.13
739,°ü±¤Ææ¼Ç¾÷,2018-07-23,,¿µ¾÷/Á¤»ó,¿µ¾÷Áß,,24114,171.13
740,°ü±¤Ææ¼Ç¾÷,2006-02-01,,¿µ¾÷/Á¤»ó,¿µ¾÷Áß,232-924,,313
741,°ü±¤Ææ¼Ç¾÷,2006-12-13,,¿µ¾÷/Á¤»ó,¿µ¾÷Áß,232-921,,990
742,°ü±¤Ææ¼Ç¾÷,2008-01-10,,¿µ¾÷/Á¤»ó,¿µ¾÷Áß,232-924,,1376.41
743,°ü±¤Ææ¼Ç¾÷,2008-04-29,,¿µ¾÷/Á¤»ó,¿µ¾÷Áß,232-811,,196.15
744,°ü±¤Ææ¼Ç¾÷,2009-03-26,,¿µ¾÷/Á¤»ó,¿µ¾÷Áß,232-942,,128.49
745,°ü±¤Ææ¼Ç¾÷,2012-08-06,,¿µ¾÷/Á¤»ó,¿µ¾÷Áß,232-924,25310,451.7
746,°ü±¤Ææ¼Ç¾÷,2013-06-15,,¿µ¾÷/Á¤»ó,¿µ¾÷Áß,250-812,25159,229
747,°ü±¤Ææ¼Ç¾÷,2017-10-20,,¿µ¾÷/Á¤»ó,¿µ¾÷Áß,,25165,735.56
748,°ü±¤Ææ¼Ç¾÷,2015-05-28,,¿µ¾÷/Á¤»ó,¿µ¾÷Áß,250-852,25103,240.92
749,°ü±¤Ææ¼Ç¾÷,2016-06-02,,¿µ¾÷/Á¤»ó,¿µ¾÷Áß,,25152,230
750,°ü±¤Ææ¼Ç¾÷,2016-08-19,,¿µ¾÷/Á¤»ó,¿µ¾÷Áß,,25103,355.35
751,°ü±¤Ææ¼Ç¾÷,2012-07-30,,¿µ¾÷/Á¤»ó,¿µ¾÷Áß,250-812,25159,581.1
752,°ü±¤Ææ¼Ç¾÷,2005-01-12,,¿µ¾÷/Á¤»ó,¿µ¾÷Áß,210-863,,
753,°ü±¤Ææ¼Ç¾÷,2010-11-03,,¿µ¾÷/Á¤»ó,¿µ¾÷Áß,210-863,,3131
754,°ü±¤Ææ¼Ç¾÷,2015-06-11,,¿µ¾÷/Á¤»ó,¿µ¾÷Áß,210-380,25459,
755,°ü±¤Ææ¼Ç¾÷,2013-11-07,,¿µ¾÷/Á¤»ó,¿µ¾÷Áß,219-833,24764,
756,°ü±¤Ææ¼Ç¾÷,2013-12-19,,¿µ¾÷/Á¤»ó,¿µ¾÷Áß,219-833,24758,
757,°ü±¤Ææ¼Ç¾÷,2018-02-28,,¿µ¾÷/Á¤»ó,¿µ¾÷Áß,,24756,
758,°ü±¤Ææ¼Ç¾÷,2018-03-19,,¿µ¾÷/Á¤»ó,¿µ¾÷Áß,,24731,387.33
759,°ü±¤Ææ¼Ç¾÷,2020-08-03,,¿µ¾÷/Á¤»ó,¿µ¾÷Áß,,36611,291
760,°ü±¤Ææ¼Ç¾÷,2020-06-22,,¿µ¾÷/Á¤»ó,¿µ¾÷Áß,,55557,
761,°ü±¤Ææ¼Ç¾÷,2020-06-29,,¿µ¾÷/Á¤»ó,¿µ¾÷Áß,,24464,198.63
762,°ü±¤Ææ¼Ç¾÷,2020-07-03,,¿µ¾÷/Á¤»ó,¿µ¾÷Áß,,59419,159
763,°ü±¤Ææ¼Ç¾÷,2020-07-29,,¿µ¾÷/Á¤»ó,¿µ¾÷Áß,,12505,659
764,°ü±¤Ææ¼Ç¾÷,2020-08-14,,¿µ¾÷/Á¤»ó,¿µ¾÷Áß,,38126,446.48
765,°ü±¤Ææ¼Ç¾÷,2020-08-07,,¿µ¾÷/Á¤»ó,¿µ¾÷Áß,,18553,410.29
766,°ü±¤Ææ¼Ç¾÷,2020-08-07,,¿µ¾÷/Á¤»ó,¿µ¾÷Áß,,33488,349.23
767,°ü±¤Ææ¼Ç¾÷,2020-07-20,,¿µ¾÷/Á¤»ó,¿µ¾÷Áß,,37928,0
768,°ü±¤Ææ¼Ç¾÷,2020-07-22,,¿µ¾÷/Á¤»ó,¿µ¾÷Áß,,53086,222.02
769,°ü±¤Ææ¼Ç¾÷,2020-07-30,,¿µ¾÷/Á¤»ó,¿µ¾÷Áß,,25047,704.11
770,°ü±¤Ææ¼Ç¾÷,2020-08-12,,¿µ¾÷/Á¤»ó,¿µ¾÷Áß,,18553,375.46
771,°ü±¤Ææ¼Ç¾÷,2021-07-23,,¿µ¾÷/Á¤»ó,¿µ¾÷Áß,,33344,0
772,°ü±¤Ææ¼Ç¾÷,2021-04-30,,¿µ¾÷/Á¤»ó,¿µ¾÷Áß,,36403,291.73
773,°ü±¤Ææ¼Ç¾÷,2021-07-21,,¿µ¾÷/Á¤»ó,¿µ¾÷Áß,,38210,138.74
774,°ü±¤Ææ¼Ç¾÷,2021-09-02,,¿µ¾÷/Á¤»ó,¿µ¾÷Áß,,54000,0
775,°ü±¤Ææ¼Ç¾÷,2021-08-27,,¿µ¾÷/Á¤»ó,¿µ¾÷Áß,,52434,198.74
776,°ü±¤Ææ¼Ç¾÷,2018-12-28,,¿µ¾÷/Á¤»ó,¿µ¾÷Áß,,58939,547.56
777,°ü±¤Ææ¼Ç¾÷,2021-09-01,,¿µ¾÷/Á¤»ó,¿µ¾÷Áß,,37928,0
778,°ü±¤Ææ¼Ç¾÷,2021-09-01,,¿µ¾÷/Á¤»ó,¿µ¾÷Áß,,37928,0
779,°ü±¤Ææ¼Ç¾÷,2022-11-20,,¿µ¾÷/Á¤»ó,¿µ¾÷Áß,,38210,217.2
780,°ü±¤Ææ¼Ç¾÷,2023-01-13,,¿µ¾÷/Á¤»ó,¿µ¾÷Áß,,58541,57.07
781,°ü±¤Ææ¼Ç¾÷,2023-01-16,,¿µ¾÷/Á¤»ó,¿µ¾÷Áß,,59200,0
782,°ü±¤Ææ¼Ç¾÷,2023-01-16,,¿µ¾÷/Á¤»ó,¿µ¾÷Áß,,36453,0
783,°ü±¤Ææ¼Ç¾÷,2022-12-21,,¿µ¾÷/Á¤»ó,¿µ¾÷Áß,,52436,0
784,°ü±¤Ææ¼Ç¾÷,2023-01-18,,¿µ¾÷/Á¤»ó,¿µ¾÷Áß,,31937,0
785,°ü±¤Ææ¼Ç¾÷,2022-12-13,,¿µ¾÷/Á¤»ó,¿µ¾÷Áß,,57204,1464.88
786,°ü±¤Ææ¼Ç¾÷,2022-12-13,,¿µ¾÷/Á¤»ó,¿µ¾÷Áß,,12431,0
787,°ü±¤Ææ¼Ç¾÷,2022-12-29,,¿µ¾÷/Á¤»ó,¿µ¾÷Áß,,23061,182.93
788,°ü±¤Ææ¼Ç¾÷,2022-12-22,,¿µ¾÷/Á¤»ó,¿µ¾÷Áß,,52545,1315
789,°ü±¤Ææ¼Ç¾÷,2022-11-16,,¿µ¾÷/Á¤»ó,¿µ¾÷Áß,,38219,191.85
790,°ü±¤Ææ¼Ç¾÷,2022-11-16,,¿µ¾÷/Á¤»ó,¿µ¾÷Áß,,38219,189.85
791,°ü±¤Ææ¼Ç¾÷,2022-11-16,,¿µ¾÷/Á¤»ó,¿µ¾÷Áß,,38219,152.06
792,°ü±¤Ææ¼Ç¾÷,2022-11-16,,¿µ¾÷/Á¤»ó,¿µ¾÷Áß,,38210,74.11
793,°ü±¤Ææ¼Ç¾÷,2022-12-06,,¿µ¾÷/Á¤»ó,¿µ¾÷Áß,,17408,0
794,°ü±¤Ææ¼Ç¾÷,2023-01-15,,¿µ¾÷/Á¤»ó,¿µ¾÷Áß,,12468,0
795,°ü±¤Ææ¼Ç¾÷,2023-01-10,,¿µ¾÷/Á¤»ó,¿µ¾÷Áß,,24464,0
796,°ü±¤Ææ¼Ç¾÷,2023-01-11,,¿µ¾÷/Á¤»ó,¿µ¾÷Áß,,44233,0
797,°ü±¤Ææ¼Ç¾÷,2022-12-30,,¿µ¾÷/Á¤»ó,¿µ¾÷Áß,,40232,120.5
798,°ü±¤Ææ¼Ç¾÷,2021-05-25,,¿µ¾÷/Á¤»ó,¿µ¾÷Áß,,57311,134.05
799,°ü±¤Ææ¼Ç¾÷,2021-05-28,,¿µ¾÷/Á¤»ó,¿µ¾÷Áß,,33026,0
800,°ü±¤Ææ¼Ç¾÷,2021-05-17,,¿µ¾÷/Á¤»ó,¿µ¾÷Áß,,55555,
801,°ü±¤Ææ¼Ç¾÷,2021-05-11,,¿µ¾÷/Á¤»ó,¿µ¾÷Áß,,23127,461.08
802,°ü±¤Ææ¼Ç¾÷,2021-06-03,,¿µ¾÷/Á¤»ó,¿µ¾÷Áß,,53087,219
803,°ü±¤Ææ¼Ç¾÷,2021-04-26,,¿µ¾÷/Á¤»ó,¿µ¾÷Áß,,58508,1045.28
804,°ü±¤Ææ¼Ç¾÷,2021-05-04,,¿µ¾÷/Á¤»ó,¿µ¾÷Áß,,59564,
805,°ü±¤Ææ¼Ç¾÷,2021-04-30,,¿µ¾÷/Á¤»ó,¿µ¾÷Áß,,25103,563
806,°ü±¤Ææ¼Ç¾÷,2021-05-20,,¿µ¾÷/Á¤»ó,¿µ¾÷Áß,,56337,993.88
807,°ü±¤Ææ¼Ç¾÷,2021-06-10,,¿µ¾÷/Á¤»ó,¿µ¾÷Áß,,25466,177.9
808,°ü±¤Ææ¼Ç¾÷,2021-06-10,,¿µ¾÷/Á¤»ó,¿µ¾÷Áß,,54000,
809,°ü±¤Ææ¼Ç¾÷,2021-07-02,,¿µ¾÷/Á¤»ó,¿µ¾÷Áß,,52455,363.72
810,°ü±¤Ææ¼Ç¾÷,2021-06-18,,¿µ¾÷/Á¤»ó,¿µ¾÷Áß,,55557,
811,°ü±¤Ææ¼Ç¾÷,2021-06-01,,¿µ¾÷/Á¤»ó,¿µ¾÷Áß,,53205,
812,°ü±¤Ææ¼Ç¾÷,2021-06-11,,¿µ¾÷/Á¤»ó,¿µ¾÷Áß,,24904,282.18
813,°ü±¤Ææ¼Ç¾÷,2014-11-10,,¿µ¾÷/Á¤»ó,¿µ¾÷Áß,666-963,52262,0
814,°ü±¤Ææ¼Ç¾÷,2004-08-02,,¿µ¾÷/Á¤»ó,¿µ¾÷Áß,627-822,50418,542.97
815,°ü±¤Ææ¼Ç¾÷,2007-09-11,,¿µ¾÷/Á¤»ó,¿µ¾÷Áß,627-822,50418,
816,°ü±¤Ææ¼Ç¾÷,2017-01-20,,¿µ¾÷/Á¤»ó,¿µ¾÷Áß,,52954,246
817,°ü±¤Ææ¼Ç¾÷,2005-10-27,,¿µ¾÷/Á¤»ó,¿µ¾÷Áß,656-891,,337.35
818,°ü±¤Ææ¼Ç¾÷,2005-12-30,,¿µ¾÷/Á¤»ó,¿µ¾÷Áß,656-891,,268.32
819,°ü±¤Ææ¼Ç¾÷,2006-08-07,,¿µ¾÷/Á¤»ó,¿µ¾÷Áß,656-891,,492.46
820,°ü±¤Ææ¼Ç¾÷,2007-03-08,,¿µ¾÷/Á¤»ó,¿µ¾÷Áß,668-833,52441,1001.06
821,°ü±¤Ææ¼Ç¾÷,2008-11-14,,¿µ¾÷/Á¤»ó,¿µ¾÷Áß,,52409,228.75
822,°ü±¤Ææ¼Ç¾÷,2010-03-19,,¿µ¾÷/Á¤»ó,¿µ¾÷Áß,,52451,384
823,°ü±¤Ææ¼Ç¾÷,2018-03-28,,¿µ¾÷/Á¤»ó,¿µ¾÷Áß,,10000,
824,°ü±¤Ææ¼Ç¾÷,2018-09-28,,¿µ¾÷/Á¤»ó,¿µ¾÷Áß,,32523,199.23
825,°ü±¤Ææ¼Ç¾÷,2018-09-28,,¿µ¾÷/Á¤»ó,¿µ¾÷Áß,,32523,150.66
826,°ü±¤Ææ¼Ç¾÷,2018-09-12,,¿µ¾÷/Á¤»ó,¿µ¾÷Áß,,58424,199
827,°ü±¤Ææ¼Ç¾÷,2018-09-12,,¿µ¾÷/Á¤»ó,¿µ¾÷Áß,,58420,208.25
828,°ü±¤Ææ¼Ç¾÷,2018-09-08,,¿µ¾÷/Á¤»ó,¿µ¾÷Áß,,32166,1362.35
829,°ü±¤Ææ¼Ç¾÷,2018-09-28,,¿µ¾÷/Á¤»ó,¿µ¾÷Áß,,32523,140.35
830,°ü±¤Ææ¼Ç¾÷,2020-09-10,,¿µ¾÷/Á¤»ó,¿µ¾÷Áß,,24460,157.63
831,°ü±¤Ææ¼Ç¾÷,2020-09-14,,¿µ¾÷/Á¤»ó,¿µ¾÷Áß,,25435,
832,°ü±¤Ææ¼Ç¾÷,2020-09-22,,¿µ¾÷/Á¤»ó,¿µ¾÷Áß,,53330,
833,°ü±¤Ææ¼Ç¾÷,2020-10-20,,¿µ¾÷/Á¤»ó,¿µ¾÷Áß,,32158,
834,°ü±¤Ææ¼Ç¾÷,2020-10-20,,¿µ¾÷/Á¤»ó,¿µ¾÷Áß,,32152,
835,°ü±¤Ææ¼Ç¾÷,2020-10-26,,¿µ¾÷/Á¤»ó,¿µ¾÷Áß,,55555,381
836,°ü±¤Ææ¼Ç¾÷,2020-10-26,,¿µ¾÷/Á¤»ó,¿µ¾÷Áß,,55557,199.21
837,°ü±¤Ææ¼Ç¾÷,2020-10-26,,¿µ¾÷/Á¤»ó,¿µ¾÷Áß,,55555,575.16
838,°ü±¤Ææ¼Ç¾÷,2020-11-03,,¿µ¾÷/Á¤»ó,¿µ¾÷Áß,,50215,439.5
839,°ü±¤Ææ¼Ç¾÷,2020-11-16,,¿µ¾÷/Á¤»ó,¿µ¾÷Áß,,32123,573.65
840,°ü±¤Ææ¼Ç¾÷,2022-10-13,,¿µ¾÷/Á¤»ó,¿µ¾÷Áß,,12038,280
841,°ü±¤Ææ¼Ç¾÷,2022-09-26,,¿µ¾÷/Á¤»ó,¿µ¾÷Áß,,53103,450.24
842,°ü±¤Ææ¼Ç¾÷,2022-11-09,,¿µ¾÷/Á¤»ó,¿µ¾÷Áß,,25938,193.08
843,°ü±¤Ææ¼Ç¾÷,2022-10-11,,¿µ¾÷/Á¤»ó,¿µ¾÷Áß,,55413,0
844,°ü±¤Ææ¼Ç¾÷,2022-11-04,,¿µ¾÷/Á¤»ó,¿µ¾÷Áß,,58130,64.24
845,°ü±¤Ææ¼Ç¾÷,2022-11-04,,¿µ¾÷/Á¤»ó,¿µ¾÷Áß,,52438,182
846,°ü±¤Ææ¼Ç¾÷,2022-11-03,,¿µ¾÷/Á¤»ó,¿µ¾÷Áß,,58930,43.42
847,°ü±¤Ææ¼Ç¾÷,2022-10-06,,¿µ¾÷/Á¤»ó,¿µ¾÷Áß,,36425,0
848,°ü±¤Ææ¼Ç¾÷,2022-09-05,,¿µ¾÷/Á¤»ó,¿µ¾÷Áß,,38128,223.9
849,°ü±¤Ææ¼Ç¾÷,2022-09-15,,¿µ¾÷/Á¤»ó,¿µ¾÷Áß,,36923,185.59
850,°ü±¤Ææ¼Ç¾÷,2022-09-18,,¿µ¾÷/Á¤»ó,¿µ¾÷Áß,,36923,205.2
851,°ü±¤Ææ¼Ç¾÷,2022-10-20,,¿µ¾÷/Á¤»ó,¿µ¾÷Áß,,52545,586
852,°ü±¤Ææ¼Ç¾÷,2022-10-24,,¿µ¾÷/Á¤»ó,¿µ¾÷Áß,,39855,0
853,°ü±¤Ææ¼Ç¾÷,2022-11-09,,¿µ¾÷/Á¤»ó,¿µ¾÷Áß,,25111,194.95
854,°ü±¤Ææ¼Ç¾÷,2022-11-09,,¿µ¾÷/Á¤»ó,¿µ¾÷Áß,,25111,228.16
855,°ü±¤Ææ¼Ç¾÷,2021-04-12,,¿µ¾÷/Á¤»ó,¿µ¾÷Áß,,32160,217.51
856,°ü±¤Ææ¼Ç¾÷,2021-04-12,,¿µ¾÷/Á¤»ó,¿µ¾÷Áß,,23051,
857,°ü±¤Ææ¼Ç¾÷,2021-04-12,,¿µ¾÷/Á¤»ó,¿µ¾÷Áß,,23061,
858,°ü±¤Ææ¼Ç¾÷,2021-03-14,,¿µ¾÷/Á¤»ó,¿µ¾÷Áß,,32592,195.35
859,°ü±¤Ææ¼Ç¾÷,2021-03-08,,¿µ¾÷/Á¤»ó,¿µ¾÷Áß,,57623,113.46
860,°ü±¤Ææ¼Ç¾÷,2021-04-23,,¿µ¾÷/Á¤»ó,¿µ¾÷Áß,,36919,
861,°ü±¤Ææ¼Ç¾÷,2021-02-17,,¿µ¾÷/Á¤»ó,¿µ¾÷Áß,,53083,228.86
862,°ü±¤Ææ¼Ç¾÷,2021-02-15,,¿µ¾÷/Á¤»ó,¿µ¾÷Áß,,50103,988.13
863,°ü±¤Ææ¼Ç¾÷,2021-03-16,,¿µ¾÷/Á¤»ó,¿µ¾÷Áß,,32501,280
864,°ü±¤Ææ¼Ç¾÷,2021-03-16,,¿µ¾÷/Á¤»ó,¿µ¾÷Áß,,52437,685.38
865,°ü±¤Ææ¼Ç¾÷,2021-02-04,,¿µ¾÷/Á¤»ó,¿µ¾÷Áß,,25372,322.72
866,°ü±¤Ææ¼Ç¾÷,2021-04-05,,¿µ¾÷/Á¤»ó,¿µ¾÷Áß,,23061,
867,°ü±¤Ææ¼Ç¾÷,2021-04-05,,¿µ¾÷/Á¤»ó,¿µ¾÷Áß,,23061,
868,°ü±¤Ææ¼Ç¾÷,2021-04-01,,¿µ¾÷/Á¤»ó,¿µ¾÷Áß,,59470,199.44
869,°ü±¤Ææ¼Ç¾÷,2021-04-01,,¿µ¾÷/Á¤»ó,¿µ¾÷Áß,,59470,199.44
870,°ü±¤Ææ¼Ç¾÷,2021-04-01,,¿µ¾÷/Á¤»ó,¿µ¾÷Áß,,59470,199.44
871,°ü±¤Ææ¼Ç¾÷,2021-03-18,,¿µ¾÷/Á¤»ó,¿µ¾÷Áß,,38334,96.6
872,°ü±¤Ææ¼Ç¾÷,2021-03-18,,¿µ¾÷/Á¤»ó,¿µ¾÷Áß,,36987,103.11
873,°ü±¤Ææ¼Ç¾÷,2021-03-19,,¿µ¾÷/Á¤»ó,¿µ¾÷Áß,,27215,224.35
874,°ü±¤Ææ¼Ç¾÷,2021-03-26,,¿µ¾÷/Á¤»ó,¿µ¾÷Áß,,38127,198.86
875,°ü±¤Ææ¼Ç¾÷,2021-03-26,,¿µ¾÷/Á¤»ó,¿µ¾÷Áß,,38127,173.66
876,°ü±¤Ææ¼Ç¾÷,2021-04-20,,¿µ¾÷/Á¤»ó,¿µ¾÷Áß,,46084,
877,°ü±¤Ææ¼Ç¾÷,2016-12-20,,¿µ¾÷/Á¤»ó,¿µ¾÷Áß,,12037,
878,°ü±¤Ææ¼Ç¾÷,2005-08-17,,¿µ¾÷/Á¤»ó,¿µ¾÷Áß,477-811,12455,565.55
879,°ü±¤Ææ¼Ç¾÷,2006-10-16,,¿µ¾÷/Á¤»ó,¿µ¾÷Áß,477-811,12456,848.68
880,°ü±¤Ææ¼Ç¾÷,2010-08-05,,¿µ¾÷/Á¤»ó,¿µ¾÷Áß,,12431,652.75
881,°ü±¤Ææ¼Ç¾÷,2012-09-04,,¿µ¾÷/Á¤»ó,¿µ¾÷Áß,477-814,12449,536.6
882,°ü±¤Ææ¼Ç¾÷,2012-10-11,,¿µ¾÷/Á¤»ó,¿µ¾÷Áß,477-854,12459,229.67
883,°ü±¤Ææ¼Ç¾÷,2017-03-09,,¿µ¾÷/Á¤»ó,¿µ¾÷Áß,,12425,1963
884,°ü±¤Ææ¼Ç¾÷,2017-09-14,,¿µ¾÷/Á¤»ó,¿µ¾÷Áß,,12455,133.37
885,°ü±¤Ææ¼Ç¾÷,2018-01-19,,¿µ¾÷/Á¤»ó,¿µ¾÷Áß,,12473,
886,°ü±¤Ææ¼Ç¾÷,2018-08-02,,¿µ¾÷/Á¤»ó,¿µ¾÷Áß,,56342,
887,°ü±¤Ææ¼Ç¾÷,2018-10-04,,¿µ¾÷/Á¤»ó,¿µ¾÷Áß,,22393,965.08
888,°ü±¤Ææ¼Ç¾÷,2018-10-26,,¿µ¾÷/Á¤»ó,¿µ¾÷Áß,,33489,495.63
889,°ü±¤Ææ¼Ç¾÷,2018-10-08,,¿µ¾÷/Á¤»ó,¿µ¾÷Áß,,53081,214.31
890,°ü±¤Ææ¼Ç¾÷,2018-10-26,,¿µ¾÷/Á¤»ó,¿µ¾÷Áß,,32160,390.02
891,°ü±¤Ææ¼Ç¾÷,2018-10-26,,¿µ¾÷/Á¤»ó,¿µ¾÷Áß,,32160,283.14
892,°ü±¤Ææ¼Ç¾÷,2018-10-26,,¿µ¾÷/Á¤»ó,¿µ¾÷Áß,,32160,434.37
893,°ü±¤Ææ¼Ç¾÷,2022-07-27,,¿µ¾÷/Á¤»ó,¿µ¾÷Áß,,23062,271.37
894,°ü±¤Ææ¼Ç¾÷,2022-08-10,,¿µ¾÷/Á¤»ó,¿µ¾÷Áß,,25169,195.58
895,°ü±¤Ææ¼Ç¾÷,2022-08-10,,¿µ¾÷/Á¤»ó,¿µ¾÷Áß,,32165,0
896,°ü±¤Ææ¼Ç¾÷,2022-07-04,,¿µ¾÷/Á¤»ó,¿µ¾÷Áß,,52436,129.08
897,°ü±¤Ææ¼Ç¾÷,2022-08-18,,¿µ¾÷/Á¤»ó,¿µ¾÷Áß,,38128,367.32
898,°ü±¤Ææ¼Ç¾÷,2022-08-23,,¿µ¾÷/Á¤»ó,¿µ¾÷Áß,,26506,0
899,°ü±¤Ææ¼Ç¾÷,2022-07-07,,¿µ¾÷/Á¤»ó,¿µ¾÷Áß,,59521,82.5
900,°ü±¤Ææ¼Ç¾÷,2022-07-07,,¿µ¾÷/Á¤»ó,¿µ¾÷Áß,,36992,81
901,°ü±¤Ææ¼Ç¾÷,2022-07-07,,¿µ¾÷/Á¤»ó,¿µ¾÷Áß,,36993,195.6
902,°ü±¤Ææ¼Ç¾÷,2022-08-26,,¿µ¾÷/Á¤»ó,¿µ¾÷Áß,,12430,591.91
903,°ü±¤Ææ¼Ç¾÷,2022-08-26,,¿µ¾÷/Á¤»ó,¿µ¾÷Áß,,38306,1759
904,°ü±¤Ææ¼Ç¾÷,2022-08-03,,¿µ¾÷/Á¤»ó,¿µ¾÷Áß,,25459,0
905,°ü±¤Ææ¼Ç¾÷,2022-08-11,,¿µ¾÷/Á¤»ó,¿µ¾÷Áß,,24511,102.78
906,°ü±¤Ææ¼Ç¾÷,2022-08-18,,¿µ¾÷/Á¤»ó,¿µ¾÷Áß,,55548,0
907,°ü±¤Ææ¼Ç¾÷,2018-05-28,,¿µ¾÷/Á¤»ó,¿µ¾÷Áß,,27497,392.92
908,°ü±¤Ææ¼Ç¾÷,2015-12-07,,¿µ¾÷/Á¤»ó,¿µ¾÷Áß,,27226,218.58
909,°ü±¤Ææ¼Ç¾÷,2016-02-19,,¿µ¾÷/Á¤»ó,¿µ¾÷Áß,,27021,
910,°ü±¤Ææ¼Ç¾÷,2012-07-02,,¿µ¾÷/Á¤»ó,¿µ¾÷Áß,417-911,23007,
911,°ü±¤Ææ¼Ç¾÷,2015-04-07,,¿µ¾÷/Á¤»ó,¿µ¾÷Áß,417-862,23059,413.81
912,°ü±¤Ææ¼Ç¾÷,2015-11-18,,¿µ¾÷/Á¤»ó,¿µ¾÷Áß,,23062,
913,°ü±¤Ææ¼Ç¾÷,2016-12-27,,¿µ¾÷/Á¤»ó,¿µ¾÷Áß,,23062,
914,°ü±¤Ææ¼Ç¾÷,2017-03-27,,¿µ¾÷/Á¤»ó,¿µ¾÷Áß,,23062,
915,°ü±¤Ææ¼Ç¾÷,2018-01-03,,¿µ¾÷/Á¤»ó,¿µ¾÷Áß,,23062,206.52
916,°ü±¤Ææ¼Ç¾÷,2004-07-15,,¿µ¾÷/Á¤»ó,¿µ¾÷Áß,417-911,23007,
917,°ü±¤Ææ¼Ç¾÷,2007-06-15,,¿µ¾÷/Á¤»ó,¿µ¾÷Áß,417-862,23059,234.4
918,°ü±¤Ææ¼Ç¾÷,2010-11-23,,¿µ¾÷/Á¤»ó,¿µ¾÷Áß,417-862,23062,583.2
919,°ü±¤Ææ¼Ç¾÷,2010-09-06,,¿µ¾÷/Á¤»ó,¿µ¾÷Áß,667-924,667-924,
920,°ü±¤Ææ¼Ç¾÷,2018-12-13,,¿µ¾÷/Á¤»ó,¿µ¾÷Áß,,10846,105
921,°ü±¤Ææ¼Ç¾÷,2018-12-05,,¿µ¾÷/Á¤»ó,¿µ¾÷Áß,766-853,,2143.08
922,°ü±¤Ææ¼Ç¾÷,2018-12-20,,¿µ¾÷/Á¤»ó,¿µ¾÷Áß,,38123,
923,°ü±¤Ææ¼Ç¾÷,2018-12-06,,¿µ¾÷/Á¤»ó,¿µ¾÷Áß,,53329,
924,°ü±¤Ææ¼Ç¾÷,2018-12-07,,¿µ¾÷/Á¤»ó,¿µ¾÷Áß,,25103,184.77
925,°ü±¤Ææ¼Ç¾÷,2018-12-07,,¿µ¾÷/Á¤»ó,¿µ¾÷Áß,,25103,242.11
926,°ü±¤Ææ¼Ç¾÷,2018-12-07,,¿µ¾÷/Á¤»ó,¿µ¾÷Áß,,25103,199.08
927,°ü±¤Ææ¼Ç¾÷,2020-11-27,,¿µ¾÷/Á¤»ó,¿µ¾÷Áß,,18553,199.6
928,°ü±¤Ææ¼Ç¾÷,2021-01-12,,¿µ¾÷/Á¤»ó,¿µ¾÷Áß,,55555,
929,°ü±¤Ææ¼Ç¾÷,2021-01-21,,¿µ¾÷/Á¤»ó,¿µ¾÷Áß,,24412,
930,°ü±¤Ææ¼Ç¾÷,2020-12-01,,¿µ¾÷/Á¤»ó,¿µ¾÷Áß,,12448,
931,°ü±¤Ææ¼Ç¾÷,2022-05-02,,¿µ¾÷/Á¤»ó,¿µ¾÷Áß,,11524,0
932,°ü±¤Ææ¼Ç¾÷,2022-05-02,,¿µ¾÷/Á¤»ó,¿µ¾÷Áß,,52436,192.78
933,°ü±¤Ææ¼Ç¾÷,2022-06-14,,¿µ¾÷/Á¤»ó,¿µ¾÷Áß,,51781,198
934,°ü±¤Ææ¼Ç¾÷,2022-06-15,,¿µ¾÷/Á¤»ó,¿µ¾÷Áß,,24202,0
935,°ü±¤Ææ¼Ç¾÷,2022-05-13,,¿µ¾÷/Á¤»ó,¿µ¾÷Áß,,58900,79.2
936,°ü±¤Ææ¼Ç¾÷,2022-05-31,,¿µ¾÷/Á¤»ó,¿µ¾÷Áß,,36987,192
937,°ü±¤Ææ¼Ç¾÷,2022-06-20,,¿µ¾÷/Á¤»ó,¿µ¾÷Áß,,52436,221.6
938,°ü±¤Ææ¼Ç¾÷,2022-06-27,,¿µ¾÷/Á¤»ó,¿µ¾÷Áß,,12443,0
939,°ü±¤Ææ¼Ç¾÷,2022-06-27,,¿µ¾÷/Á¤»ó,¿µ¾÷Áß,,25058,109.41
940,°ü±¤Ææ¼Ç¾÷,2022-05-06,,¿µ¾÷/Á¤»ó,¿µ¾÷Áß,,24756,258.43
941,°ü±¤Ææ¼Ç¾÷,2022-05-09,,¿µ¾÷/Á¤»ó,¿µ¾÷Áß,,58857,0
942,°ü±¤Ææ¼Ç¾÷,2022-05-23,,¿µ¾÷/Á¤»ó,¿µ¾÷Áß,,59659,0
943,°ü±¤Ææ¼Ç¾÷,2022-05-23,,¿µ¾÷/Á¤»ó,¿µ¾÷Áß,,52303,0
944,°ü±¤Ææ¼Ç¾÷,2022-04-28,,¿µ¾÷/Á¤»ó,¿µ¾÷Áß,,25631,0
945,°ü±¤Ææ¼Ç¾÷,2010-11-30,2016-04-20,Ãë¼Ò/¸»¼Ò/¸¸·á/Á¤Áö/ÁßÁö,µî·ÏÃë¼Ò,469-851,,152.79
946,°ü±¤Ææ¼Ç¾÷,2018-01-24,2019-09-05,Ãë¼Ò/¸»¼Ò/¸¸·á/Á¤Áö/ÁßÁö,ÁöÁ¤Ãë¼Ò,,32158,464.3
947,°ü±¤Ææ¼Ç¾÷,2013-09-17,2013-07-24,Ãë¼Ò/¸»¼Ò/¸¸·á/Á¤Áö/ÁßÁö,ÁöÁ¤Ãë¼Ò,357-952,,310.88
948,°ü±¤Ææ¼Ç¾÷,2011-10-28,2019-09-06,Ãë¼Ò/¸»¼Ò/¸¸·á/Á¤Áö/ÁßÁö,ÁöÁ¤Ãë¼Ò,,32158,425.21
949,°ü±¤Ææ¼Ç¾÷,2010-07-21,2020-03-24,Ãë¼Ò/¸»¼Ò/¸¸·á/Á¤Áö/ÁßÁö,ÁöÁ¤Ãë¼Ò,,11042,931.3
950,°ü±¤Ææ¼Ç¾÷,2011-06-16,2019-01-15,Ãë¼Ò/¸»¼Ò/¸¸·á/Á¤Áö/ÁßÁö,ÁöÁ¤Ãë¼Ò,619-904,46079,187.38
951,°ü±¤Ææ¼Ç¾÷,2012-06-27,2015-09-01,Ãë¼Ò/¸»¼Ò/¸¸·á/Á¤Áö/ÁßÁö,ÁöÁ¤Ãë¼Ò,568-814,55557,378.84
952,°ü±¤Ææ¼Ç¾÷,2018-01-23,2022-11-01,Ãë¼Ò/¸»¼Ò/¸¸·á/Á¤Áö/ÁßÁö,ÁöÁ¤Ãë¼Ò,,54000,428.5
953,°ü±¤Ææ¼Ç¾÷,2010-01-19,2021-07-27,Ãë¼Ò/¸»¼Ò/¸¸·á/Á¤Áö/ÁßÁö,ÁöÁ¤Ãë¼Ò,225-834,,991
954,°ü±¤Ææ¼Ç¾÷,2010-02-04,2021-07-26,Ãë¼Ò/¸»¼Ò/¸¸·á/Á¤Áö/ÁßÁö,ÁöÁ¤Ãë¼Ò,225-834,,991
955,°ü±¤Ææ¼Ç¾÷,2017-08-10,2019-01-03,Ãë¼Ò/¸»¼Ò/¸¸·á/Á¤Áö/ÁßÁö,ÁöÁ¤Ãë¼Ò,,25261,
956,°ü±¤Ææ¼Ç¾÷,2017-09-17,2018-06-25,Ãë¼Ò/¸»¼Ò/¸¸·á/Á¤Áö/ÁßÁö,ÁöÁ¤Ãë¼Ò,,25261,18.9
957,°ü±¤Ææ¼Ç¾÷,2012-12-05,2017-10-12,Ãë¼Ò/¸»¼Ò/¸¸·á/Á¤Áö/ÁßÁö,ÁöÁ¤Ãë¼Ò,525-871,57115,168.95
958,°ü±¤Ææ¼Ç¾÷,2011-12-15,2021-04-14,Ãë¼Ò/¸»¼Ò/¸¸·á/Á¤Áö/ÁßÁö,ÁöÁ¤Ãë¼Ò,650-834,53024,
959,°ü±¤Ææ¼Ç¾÷,2015-01-06,2017-11-06,Ãë¼Ò/¸»¼Ò/¸¸·á/Á¤Áö/ÁßÁö,ÁöÁ¤Ãë¼Ò,689-883,45015,579
960,°ü±¤Ææ¼Ç¾÷,2017-01-18,2017-08-08,Ãë¼Ò/¸»¼Ò/¸¸·á/Á¤Áö/ÁßÁö,ÁöÁ¤Ãë¼Ò,,45015,3765
961,°ü±¤Ææ¼Ç¾÷,2015-12-29,2017-12-01,Ãë¼Ò/¸»¼Ò/¸¸·á/Á¤Áö/ÁßÁö,ÁöÁ¤Ãë¼Ò,,59564,403.99
962,°ü±¤Ææ¼Ç¾÷,2007-12-05,2018-04-23,Ãë¼Ò/¸»¼Ò/¸¸·á/Á¤Áö/ÁßÁö,ÁöÁ¤Ãë¼Ò,233-861,,233.37
963,°ü±¤Ææ¼Ç¾÷,2017-09-01,2018-02-22,Ãë¼Ò/¸»¼Ò/¸¸·á/Á¤Áö/ÁßÁö,ÁöÁ¤Ãë¼Ò,,25938,518.1
964,°ü±¤Ææ¼Ç¾÷,2016-08-08,2018-02-22,Ãë¼Ò/¸»¼Ò/¸¸·á/Á¤Áö/ÁßÁö,ÁöÁ¤Ãë¼Ò,,25909,84.66
965,°ü±¤Ææ¼Ç¾÷,2017-07-20,2018-02-22,Ãë¼Ò/¸»¼Ò/¸¸·á/Á¤Áö/ÁßÁö,ÁöÁ¤Ãë¼Ò,,25901,307.79
966,°ü±¤Ææ¼Ç¾÷,2017-07-21,2018-02-22,Ãë¼Ò/¸»¼Ò/¸¸·á/Á¤Áö/ÁßÁö,ÁöÁ¤Ãë¼Ò,,25910,270.11
967,°ü±¤Ææ¼Ç¾÷,2017-07-27,2018-02-22,Ãë¼Ò/¸»¼Ò/¸¸·á/Á¤Áö/ÁßÁö,ÁöÁ¤Ãë¼Ò,,25960,491.91
968,°ü±¤Ææ¼Ç¾÷,2017-08-09,2018-02-22,Ãë¼Ò/¸»¼Ò/¸¸·á/Á¤Áö/ÁßÁö,ÁöÁ¤Ãë¼Ò,,25938,369.62
969,°ü±¤Ææ¼Ç¾÷,2017-08-09,2018-02-22,Ãë¼Ò/¸»¼Ò/¸¸·á/Á¤Áö/ÁßÁö,ÁöÁ¤Ãë¼Ò,,25938,470.3
970,°ü±¤Ææ¼Ç¾÷,2017-08-31,2018-02-22,Ãë¼Ò/¸»¼Ò/¸¸·á/Á¤Áö/ÁßÁö,ÁöÁ¤Ãë¼Ò,,25938,484.74
971,°ü±¤Ææ¼Ç¾÷,2017-09-01,2018-02-22,Ãë¼Ò/¸»¼Ò/¸¸·á/Á¤Áö/ÁßÁö,ÁöÁ¤Ãë¼Ò,,25938,416.94
972,°ü±¤Ææ¼Ç¾÷,2004-12-14,2019-01-10,Ãë¼Ò/¸»¼Ò/¸¸·á/Á¤Áö/ÁßÁö,ÁöÁ¤Ãë¼Ò,215-851,,626.58
973,°ü±¤Ææ¼Ç¾÷,2010-06-03,2018-11-27,Ãë¼Ò/¸»¼Ò/¸¸·á/Á¤Áö/ÁßÁö,ÁöÁ¤Ãë¼Ò,,25040,198.2
974,°ü±¤Ææ¼Ç¾÷,2011-04-05,2014-11-28,Ãë¼Ò/¸»¼Ò/¸¸·á/Á¤Áö/ÁßÁö,ÁöÁ¤Ãë¼Ò,626-833,626-831,225.79
975,°ü±¤Ææ¼Ç¾÷,2010-12-21,2018-03-21,Ãë¼Ò/¸»¼Ò/¸¸·á/Á¤Áö/ÁßÁö,ÁöÁ¤Ãë¼Ò,232-923,,
976,°ü±¤Ææ¼Ç¾÷,2004-08-16,2018-04-17,Ãë¼Ò/¸»¼Ò/¸¸·á/Á¤Áö/ÁßÁö,ÁöÁ¤Ãë¼Ò,232-923,,1650
977,°ü±¤Ææ¼Ç¾÷,2004-05-12,2018-05-14,Ãë¼Ò/¸»¼Ò/¸¸·á/Á¤Áö/ÁßÁö,ÁöÁ¤Ãë¼Ò,232-804,,495
978,°ü±¤Ææ¼Ç¾÷,2004-12-07,2019-05-28,Ãë¼Ò/¸»¼Ò/¸¸·á/Á¤Áö/ÁßÁö,ÁöÁ¤Ãë¼Ò,232-923,,933
979,°ü±¤Ææ¼Ç¾÷,2004-12-15,2019-05-28,Ãë¼Ò/¸»¼Ò/¸¸·á/Á¤Áö/ÁßÁö,ÁöÁ¤Ãë¼Ò,232-923,,714
980,°ü±¤Ææ¼Ç¾÷,2006-02-07,2018-04-17,Ãë¼Ò/¸»¼Ò/¸¸·á/Á¤Áö/ÁßÁö,ÁöÁ¤Ãë¼Ò,232-923,,1986
981,°ü±¤Ææ¼Ç¾÷,2018-06-15,2022-09-14,Ãë¼Ò/¸»¼Ò/¸¸·á/Á¤Áö/ÁßÁö,ÁöÁ¤Ãë¼Ò,,26246,742.5
982,°ü±¤Ææ¼Ç¾÷,2020-07-17,2022-08-01,Ãë¼Ò/¸»¼Ò/¸¸·á/Á¤Áö/ÁßÁö,ÁöÁ¤Ãë¼Ò,,46039,327.66
983,°ü±¤Ææ¼Ç¾÷,2020-07-17,2022-08-01,Ãë¼Ò/¸»¼Ò/¸¸·á/Á¤Áö/ÁßÁö,ÁöÁ¤Ãë¼Ò,,46039,1017.59
984,°ü±¤Ææ¼Ç¾÷,2020-07-17,2022-08-01,Ãë¼Ò/¸»¼Ò/¸¸·á/Á¤Áö/ÁßÁö,ÁöÁ¤Ãë¼Ò,,46039,182.49
985,°ü±¤Ææ¼Ç¾÷,2017-07-04,2017-10-20,Ãë¼Ò/¸»¼Ò/¸¸·á/Á¤Áö/ÁßÁö,ÁöÁ¤Ãë¼Ò,,27500,465.58
986,°ü±¤Ææ¼Ç¾÷,2003-11-13,2015-03-30,Ãë¼Ò/¸»¼Ò/¸¸·á/Á¤Áö/ÁßÁö,ÁöÁ¤Ãë¼Ò,395-821,27021,167.39
987,°ü±¤Ææ¼Ç¾÷,2003-12-03,2015-01-19,Ãë¼Ò/¸»¼Ò/¸¸·á/Á¤Áö/ÁßÁö,ÁöÁ¤Ãë¼Ò,395-821,395-820,177.09
988,°ü±¤Ææ¼Ç¾÷,2010-08-03,,Ãë¼Ò/¸»¼Ò/¸¸·á/Á¤Áö/ÁßÁö,Á÷±Ç¸»¼Ò,357-952,,884.88
989,°ü±¤Ææ¼Ç¾÷,2007-10-11,,Ãë¼Ò/¸»¼Ò/¸¸·á/Á¤Áö/ÁßÁö,Á÷±Ç¸»¼Ò,357-971,,1283
990,°ü±¤Ææ¼Ç¾÷,2018-01-09,,Ãë¼Ò/¸»¼Ò/¸¸·á/Á¤Áö/ÁßÁö,Á÷±Ç¸»¼Ò,,51797,891.81
